"","CCC","lower.ci","upper.ci"
"original_shape_Elongation",0.999378935271114,0.998714848020578,0.999699914725644
"original_shape_Flatness",0.999787805999904,0.999428333498147,0.999921245684782
"original_shape_LeastAxisLength",0.999622775213113,0.999166762613865,0.999829243405773
"original_shape_MajorAxisLength",0.999994646123236,0.999985690002924,0.999997996930683
"original_shape_Maximum2DDiameterColumn",0.999749703307081,0.999297957860803,0.999910775545229
"original_shape_Maximum2DDiameterRow",0.999545372634626,0.998844656567711,0.999821142267875
"original_shape_Maximum2DDiameterSlice",0.999990954305959,0.99998421941252,0.999994814865848
"original_shape_Maximum3DDiameter",0.999994351876833,0.999986887837909,0.999997567050551
"original_shape_MeshVolume",0.999995054108269,0.999987288061156,0.999998075684025
"original_shape_MinorAxisLength",0.999985087758476,0.999963021784606,0.999993986365193
"original_shape_Sphericity",0.998339518898493,0.995445763539317,0.999395143565152
"original_shape_SurfaceArea",0.999986599997737,0.999965582314854,0.999994782946396
"original_shape_SurfaceVolumeRatio",0.999892356217674,0.999782184281171,0.999946804293741
"original_shape_VoxelVolume",0.999994922500375,0.99998728697757,0.999997972083864
"original_firstorder_10Percentile",0.76543188303331,0.605906456495283,0.865779955243105
"original_firstorder_90Percentile",0.74926482494866,0.565318107610779,0.862221397622022
"original_firstorder_Energy",0.997474598666885,0.993223964590869,0.999060050429345
"original_firstorder_Entropy",0.907511636439689,0.817626941337886,0.954211601347866
"original_firstorder_InterquartileRange",0.866188972973635,0.740101235394038,0.933445888149345
"original_firstorder_Kurtosis",0.271890932888821,0.092838671838893,0.433908997208784
"original_firstorder_Maximum",0.830129943616551,0.627909756930483,0.927353736366646
"original_firstorder_MeanAbsoluteDeviation",0.875503516397423,0.757968715097128,0.937975077842133
"original_firstorder_Mean",0.584534799988476,0.352977275818182,0.748619276562964
"original_firstorder_Median",0.535677711530356,0.298641156111348,0.710464483061331
"original_firstorder_Minimum",0.861401180102624,0.79604962987691,0.906897717250433
"original_firstorder_Range",0.859706160016436,0.688983754551019,0.940042677895937
"original_firstorder_RobustMeanAbsoluteDeviation",0.86193775944619,0.732181622580698,0.931320531582247
"original_firstorder_RootMeanSquared",0.605522820314465,0.379872781300213,0.763157245299059
"original_firstorder_Skewness",-0.0193145694824899,-0.272173732578581,0.23603975700304
"original_firstorder_TotalEnergy",0.972734144259731,0.944938221552105,0.986595023347188
"original_firstorder_Uniformity",0.861784015968583,0.751799917031174,0.925114606942977
"original_firstorder_Variance",0.79897524769941,0.637780987978804,0.893116510901111
"original_glcm_Autocorrelation",0.744729233332323,0.554219422245979,0.861098588631236
"original_glcm_ClusterProminence",0.635675228628347,0.414505190860008,0.785941721535045
"original_glcm_ClusterShade",0.796497400296264,0.601647450291435,0.901877500362298
"original_glcm_ClusterTendency",0.809576465018794,0.650549019778995,0.9005926325092
"original_glcm_Contrast",0.772412603502047,0.603604642603416,0.874938798202618
"original_glcm_Correlation",0.629063845978736,0.380681358478025,0.792781387215384
"original_glcm_DifferenceAverage",0.843972454193947,0.709497812462071,0.919142544200321
"original_glcm_DifferenceEntropy",0.851718560892905,0.724473675290161,0.922828379767053
"original_glcm_DifferenceVariance",0.774192220330216,0.604416175007286,0.876703531596052
"original_glcm_Id",0.821164807054153,0.677476886918475,0.904483082655512
"original_glcm_Idm",0.788490061139933,0.634085173266309,0.882428599408993
"original_glcm_Idmn",0.651794891802923,0.35407574372993,0.829561962256892
"original_glcm_Idn",0.617950853209765,0.324693159422407,0.8028153068158
"original_glcm_Imc1",0.911952432805985,0.855586893996663,0.946947068437252
"original_glcm_Imc2",0.908699146581588,0.823792964017849,0.953730827268065
"original_glcm_InverseVariance",0.792711483685906,0.640060451144215,0.885156259878685
"original_glcm_JointAverage",0.762572002263283,0.578970205725666,0.87257065680542
"original_glcm_JointEnergy",0.697173151775646,0.551346518878354,0.801661337637722
"original_glcm_JointEntropy",0.905376416944847,0.807464685884154,0.954742945536827
"original_glcm_MCC",0.113011077919835,-0.296430840133315,0.487361346519681
"original_glcm_MaximumProbability",0.703818580123464,0.544857412172423,0.813947868526519
"original_glcm_SumAverage",0.76257200226328,0.57897020572566,0.872570656805418
"original_glcm_SumEntropy",0.938489229123048,0.871943657337376,0.970989741549509
"original_glcm_SumSquares",0.798006838567214,0.636096917877953,0.89260737096719
"original_glrlm_GrayLevelNonUniformity",0.889562807003631,0.807891995223881,0.937709232202878
"original_glrlm_GrayLevelNonUniformityNormalized",0.865520615294378,0.756924199680695,0.927599843611412
"original_glrlm_GrayLevelVariance",0.80009222074319,0.639674944712961,0.893720602954152
"original_glrlm_HighGrayLevelRunEmphasis",0.752409426544137,0.567318092186054,0.865136020493951
"original_glrlm_LongRunEmphasis",0.710433178212462,0.534915622769633,0.827170743206037
"original_glrlm_LongRunHighGrayLevelEmphasis",0.736639456312005,0.54517751561487,0.85506363712618
"original_glrlm_LongRunLowGrayLevelEmphasis",0.602753128678984,0.350006937520059,0.773695103742007
"original_glrlm_LowGrayLevelRunEmphasis",0.575163647907518,0.330195657082073,0.747542999316566
"original_glrlm_RunEntropy",0.921704546408682,0.841251871689083,0.962220837609303
"original_glrlm_RunLengthNonUniformity",0.989960474485192,0.977822379593428,0.995470449388894
"original_glrlm_RunLengthNonUniformityNormalized",0.776040675843882,0.613940341127611,0.875335039641477
"original_glrlm_RunPercentage",0.758318247365758,0.591925161394702,0.862715320751269
"original_glrlm_RunVariance",0.700049859173623,0.522520971949395,0.819402175204093
"original_glrlm_ShortRunEmphasis",0.750859315477222,0.582679460490508,0.857370745767769
"original_glrlm_ShortRunHighGrayLevelEmphasis",0.755406923615311,0.571599039575952,0.867023811449607
"original_glrlm_ShortRunLowGrayLevelEmphasis",0.56114674464145,0.317241218730063,0.735421693403731
"original_glszm_GrayLevelNonUniformity",0.936932936882702,0.876052396256749,0.968413664350625
"original_glszm_GrayLevelNonUniformityNormalized",0.876548932968373,0.771585706473184,0.935046840469135
"original_glszm_GrayLevelVariance",0.805580260466191,0.647799682250437,0.897091765410594
"original_glszm_HighGrayLevelZoneEmphasis",0.753332460441941,0.568609193425232,0.865727365715207
"original_glszm_LargeAreaEmphasis",0.532200397120331,0.357894276916579,0.670665341927165
"original_glszm_LargeAreaHighGrayLevelEmphasis",0.670437415091179,0.423779192961014,0.82452365231833
"original_glszm_LargeAreaLowGrayLevelEmphasis",0.504356018536218,0.221039628140237,0.709170646196673
"original_glszm_LowGrayLevelZoneEmphasis",0.479157899213194,0.238364171444138,0.664451535095448
"original_glszm_SizeZoneNonUniformity",0.989624015537958,0.972347822685059,0.996127788155084
"original_glszm_SizeZoneNonUniformityNormalized",0.835458563954747,0.697970015868755,0.91354692003864
"original_glszm_SmallAreaEmphasis",0.800992293095844,0.650664245107412,0.890905795227614
"original_glszm_SmallAreaHighGrayLevelEmphasis",0.762593105914009,0.58204741824674,0.871482914220254
"original_glszm_SmallAreaLowGrayLevelEmphasis",0.467507643110961,0.22118313071068,0.657758465619268
"original_glszm_ZoneEntropy",0.927590736495496,0.851526350346887,0.965414561864922
"original_glszm_ZonePercentage",0.792036260081279,0.637946337070689,0.885144194841734
"original_glszm_ZoneVariance",0.45900391708667,0.291767889504519,0.599008645813977
"original_ngtdm_Busyness",0.878840614464764,0.726812641609602,0.948775161115278
"original_ngtdm_Coarseness",0.991885900862557,0.984145256415681,0.995855281952726
"original_ngtdm_Complexity",0.743677094981973,0.534682846325612,0.866941394159947
"original_ngtdm_Contrast",0.795004172928552,0.633764593466042,0.890034130031988
"original_ngtdm_Strength",0.90774932927069,0.816402099645327,0.954779179754085
"original_gldm_DependenceEntropy",0.943726715969987,0.881882267046415,0.973643953270108
"original_gldm_DependenceNonUniformity",0.994832898534844,0.986557453535284,0.998018928649071
"original_gldm_DependenceNonUniformityNormalized",0.880724700649398,0.766063779743219,0.94106153879744
"original_gldm_DependenceVariance",0.769451860998413,0.593221178770857,0.87530867548389
"original_gldm_GrayLevelNonUniformity",0.868503366376824,0.778464924728848,0.923521162759179
"original_gldm_GrayLevelVariance",0.798411880099231,0.637205631692327,0.89268215954844
"original_gldm_HighGrayLevelEmphasis",0.752658254733888,0.567676396183203,0.865291633291285
"original_gldm_LargeDependenceEmphasis",0.713777331542272,0.536469224757446,0.830733974045526
"original_gldm_LargeDependenceHighGrayLevelEmphasis",0.666376083006841,0.450065578484287,0.808820820066573
"original_gldm_LargeDependenceLowGrayLevelEmphasis",0.704041687229195,0.439085828364275,0.856336131392821
"original_gldm_LowGrayLevelEmphasis",0.6093938310688,0.364366910100862,0.775508011089511
"original_gldm_SmallDependenceEmphasis",0.818996434792082,0.674061098275874,0.903209599086444
"original_gldm_SmallDependenceHighGrayLevelEmphasis",0.769003763735021,0.591659662263881,0.875358000950383
"original_gldm_SmallDependenceLowGrayLevelEmphasis",0.57389188014318,0.320498424771712,0.750636326920034
"log.sigma.6.mm.3D_firstorder_10Percentile",0.425196083752333,0.0259508086686254,0.707459352710744
"log.sigma.6.mm.3D_firstorder_90Percentile",0.85323286855387,0.681363159456691,0.935930272769434
"log.sigma.6.mm.3D_firstorder_Energy",0.970964837998639,0.944117976990029,0.985013345981157
"log.sigma.6.mm.3D_firstorder_Entropy",0.759268801312425,0.471944270570494,0.900792029536062
"log.sigma.6.mm.3D_firstorder_InterquartileRange",0.721827743717682,0.463207529772025,0.867159884673628
"log.sigma.6.mm.3D_firstorder_Kurtosis",-0.0829017920483864,-0.394985554461906,0.246336153955223
"log.sigma.6.mm.3D_firstorder_Maximum",0.926934573925488,0.810472684229143,0.972903332916742
"log.sigma.6.mm.3D_firstorder_MeanAbsoluteDeviation",0.789271635569398,0.573501024828816,0.902636047258319
"log.sigma.6.mm.3D_firstorder_Mean",0.829379469507631,0.619358345979173,0.928627647069669
"log.sigma.6.mm.3D_firstorder_Median",0.837721067986964,0.647288290343496,0.929723533066666
"log.sigma.6.mm.3D_firstorder_Minimum",-0.0654011011504371,-0.419678299790941,0.306168695950812
"log.sigma.6.mm.3D_firstorder_Range",0.829239909048183,0.599124092259472,0.932811771431181
"log.sigma.6.mm.3D_firstorder_RobustMeanAbsoluteDeviation",0.75450001231409,0.525864939018614,0.881449654925897
"log.sigma.6.mm.3D_firstorder_RootMeanSquared",0.830757641215599,0.62258677852928,0.929122709897865
"log.sigma.6.mm.3D_firstorder_Skewness",0.353845967546193,-0.0187474221289907,0.640143235086299
"log.sigma.6.mm.3D_firstorder_TotalEnergy",0.998022629996116,0.995809040815621,0.999067587451147
"log.sigma.6.mm.3D_firstorder_Uniformity",0.606399592151764,0.208891578905853,0.831939241368907
"log.sigma.6.mm.3D_firstorder_Variance",0.834333544148854,0.660284475692489,0.923328641371104
"log.sigma.6.mm.3D_glcm_Autocorrelation",0.75846811158274,0.484139141448451,0.897033263534917
"log.sigma.6.mm.3D_glcm_ClusterProminence",0.673075759613454,0.35052300157682,0.852887274448239
"log.sigma.6.mm.3D_glcm_ClusterShade",0.314538821582398,0.05181099354871,0.536545495581505
"log.sigma.6.mm.3D_glcm_ClusterTendency",0.829791206025297,0.651878982428314,0.921120612114236
"log.sigma.6.mm.3D_glcm_Contrast",0.91486750963547,0.805686489718459,0.963927355171896
"log.sigma.6.mm.3D_glcm_Correlation",0.217831625350095,-0.186280929672429,0.558904628633596
"log.sigma.6.mm.3D_glcm_DifferenceAverage",0.919704909033335,0.814297733581759,0.96638988309809
"log.sigma.6.mm.3D_glcm_DifferenceEntropy",0.925034162372489,0.810178812830299,0.971488442551031
"log.sigma.6.mm.3D_glcm_DifferenceVariance",0.924926297387395,0.815486477420992,0.970508919583319
"log.sigma.6.mm.3D_glcm_Id",0.921215077518892,0.816866236490672,0.967180423016312
"log.sigma.6.mm.3D_glcm_Idm",0.920618379349114,0.815860033378039,0.966866526977964
"log.sigma.6.mm.3D_glcm_Idmn",0.158896930733846,-0.167770611598905,0.454122392946665
"log.sigma.6.mm.3D_glcm_Idn",0.355951552991573,-0.00450826576595341,0.634547856810792
"log.sigma.6.mm.3D_glcm_Imc1",0.325077533622685,-0.0788587127439378,0.637322171617242
"log.sigma.6.mm.3D_glcm_Imc2",0.306452203522962,-0.133482115990225,0.645493118615147
"log.sigma.6.mm.3D_glcm_InverseVariance",0.923523997793682,0.820628346087762,0.96841797692743
"log.sigma.6.mm.3D_glcm_JointAverage",0.76295837878095,0.467246831939904,0.90514290999355
"log.sigma.6.mm.3D_glcm_JointEnergy",0.659435033045232,0.279461207370837,0.860826940735534
"log.sigma.6.mm.3D_glcm_JointEntropy",0.836528941845951,0.616833491569469,0.935298851739637
"log.sigma.6.mm.3D_glcm_MCC",-0.00669763516114085,-0.351587228302041,0.3397927771491
"log.sigma.6.mm.3D_glcm_MaximumProbability",0.665380482789622,0.290260357718547,0.863250680309756
"log.sigma.6.mm.3D_glcm_SumAverage",0.76295837878095,0.467246831939904,0.90514290999355
"log.sigma.6.mm.3D_glcm_SumEntropy",0.815960581170957,0.573628586873691,0.926954334140639
"log.sigma.6.mm.3D_glcm_SumSquares",0.831686044831855,0.655563525889371,0.921994187879686
"log.sigma.6.mm.3D_glrlm_GrayLevelNonUniformity",0.89739988913296,0.791626046400138,0.950951213916667
"log.sigma.6.mm.3D_glrlm_GrayLevelNonUniformityNormalized",0.587388584286493,0.22287881669411,0.80779694111113
"log.sigma.6.mm.3D_glrlm_GrayLevelVariance",0.829425077050412,0.583843383434515,0.935945496583236
"log.sigma.6.mm.3D_glrlm_HighGrayLevelRunEmphasis",0.716374568837278,0.41176008694044,0.876991555814151
"log.sigma.6.mm.3D_glrlm_LongRunEmphasis",0.858727883660215,0.646548196671876,0.947588954519847
"log.sigma.6.mm.3D_glrlm_LongRunHighGrayLevelEmphasis",0.0777521922361843,-0.359192936388354,0.486738927153954
"log.sigma.6.mm.3D_glrlm_LongRunLowGrayLevelEmphasis",0.29876822890146,-0.197093701973362,0.672908811815137
"log.sigma.6.mm.3D_glrlm_LowGrayLevelRunEmphasis",0.371211821168917,-0.127635799389837,0.720166832144436
"log.sigma.6.mm.3D_glrlm_RunEntropy",0.663813847119853,0.353632709079674,0.842467061019653
"log.sigma.6.mm.3D_glrlm_RunLengthNonUniformity",0.845227054129364,0.72057219951071,0.916956431665446
"log.sigma.6.mm.3D_glrlm_RunLengthNonUniformityNormalized",0.857152769116614,0.686258802979258,0.938363730269711
"log.sigma.6.mm.3D_glrlm_RunPercentage",0.900094245003992,0.765742773229385,0.959173876194665
"log.sigma.6.mm.3D_glrlm_RunVariance",0.802474728025021,0.526572869788553,0.925440750931444
"log.sigma.6.mm.3D_glrlm_ShortRunEmphasis",0.896524697018534,0.768397215018257,0.955551039524164
"log.sigma.6.mm.3D_glrlm_ShortRunHighGrayLevelEmphasis",0.792178314768441,0.524795012262616,0.917275475835311
"log.sigma.6.mm.3D_glrlm_ShortRunLowGrayLevelEmphasis",0.375069400241365,-0.119533300410631,0.720520412360157
"log.sigma.6.mm.3D_glszm_GrayLevelNonUniformity",0.686814852022667,0.510462657492788,0.807724521511673
"log.sigma.6.mm.3D_glszm_GrayLevelNonUniformityNormalized",0.485826527069322,0.0980896659876348,0.74550530548707
"log.sigma.6.mm.3D_glszm_GrayLevelVariance",0.736528674797097,0.492617283214222,0.873150635986286
"log.sigma.6.mm.3D_glszm_HighGrayLevelZoneEmphasis",0.458659687817857,0.0728704335324391,0.725056778729218
"log.sigma.6.mm.3D_glszm_LargeAreaEmphasis",0.731372841022719,0.398023627620323,0.894109087663047
"log.sigma.6.mm.3D_glszm_LargeAreaHighGrayLevelEmphasis",0.667246289696043,0.327735866668949,0.85413241694855
"log.sigma.6.mm.3D_glszm_LargeAreaLowGrayLevelEmphasis",0.243669885817496,-0.124120302912435,0.552593747485317
"log.sigma.6.mm.3D_glszm_LowGrayLevelZoneEmphasis",0.196630160542958,-0.261632950074931,0.582547401533949
"log.sigma.6.mm.3D_glszm_SizeZoneNonUniformity",0.835338312443999,0.667854710393065,0.922302901233559
"log.sigma.6.mm.3D_glszm_SizeZoneNonUniformityNormalized",0.739828474040244,0.410233363184769,0.898486243593869
"log.sigma.6.mm.3D_glszm_SmallAreaEmphasis",0.79244271922443,0.506201957991386,0.92141487197306
"log.sigma.6.mm.3D_glszm_SmallAreaHighGrayLevelEmphasis",0.55378292334211,0.15439804715726,0.797606767936588
"log.sigma.6.mm.3D_glszm_SmallAreaLowGrayLevelEmphasis",0.0192739166700153,-0.430402148337244,0.461285292381055
"log.sigma.6.mm.3D_glszm_ZoneEntropy",0.932619395250956,0.823254262702021,0.975231853294633
"log.sigma.6.mm.3D_glszm_ZonePercentage",0.843393254673164,0.632888482388798,0.937791392779197
"log.sigma.6.mm.3D_glszm_ZoneVariance",0.724273561491004,0.374330965157551,0.893637624567558
"log.sigma.6.mm.3D_ngtdm_Busyness",-0.00402187572164199,-0.119532378752494,0.111596054032946
"log.sigma.6.mm.3D_ngtdm_Coarseness",0.850412860261668,0.699315748649317,0.928764916448136
"log.sigma.6.mm.3D_ngtdm_Complexity",0.75019691276348,0.516106376077904,0.88000567405425
"log.sigma.6.mm.3D_ngtdm_Contrast",0.330270691891661,-0.0504325913347394,0.627171220014133
"log.sigma.6.mm.3D_ngtdm_Strength",-0.0150040889243046,-0.309035216988504,0.281645064377668
"log.sigma.6.mm.3D_gldm_DependenceEntropy",0.818556024051359,0.568717834465029,0.9301127809736
"log.sigma.6.mm.3D_gldm_DependenceNonUniformity",0.956908128037179,0.884942875054337,0.984237389228267
"log.sigma.6.mm.3D_gldm_DependenceNonUniformityNormalized",0.8680351700647,0.666379406869092,0.951358778345412
"log.sigma.6.mm.3D_gldm_DependenceVariance",0.911263138167785,0.76996187687385,0.967369982877049
"log.sigma.6.mm.3D_gldm_GrayLevelNonUniformity",0.805460705619104,0.557681269377531,0.921438746856689
"log.sigma.6.mm.3D_gldm_GrayLevelVariance",0.836099731000933,0.660098258756248,0.925080296099347
"log.sigma.6.mm.3D_gldm_HighGrayLevelEmphasis",0.754869196683801,0.477600197890564,0.89539328826363
"log.sigma.6.mm.3D_gldm_LargeDependenceEmphasis",0.899532460972829,0.760526442954053,0.959697488294719
"log.sigma.6.mm.3D_gldm_LargeDependenceHighGrayLevelEmphasis",0.680810608311318,0.371490302968749,0.854094407073202
"log.sigma.6.mm.3D_gldm_LargeDependenceLowGrayLevelEmphasis",0.236033902947488,-0.26977064527637,0.639753359251948
"log.sigma.6.mm.3D_gldm_LowGrayLevelEmphasis",0.227026465261202,-0.279029785536686,0.634392968671372
"log.sigma.6.mm.3D_gldm_SmallDependenceEmphasis",0.895109204176986,0.770423571040931,0.953842142846399
"log.sigma.6.mm.3D_gldm_SmallDependenceHighGrayLevelEmphasis",0.78737840970003,0.519964032068791,0.914230009648099
"log.sigma.6.mm.3D_gldm_SmallDependenceLowGrayLevelEmphasis",0.10788991919695,-0.387660269124022,0.555061069523282
"wavelet.LH_firstorder_10Percentile",0.839706671884426,0.696151003133091,0.918689769536019
"wavelet.LH_firstorder_90Percentile",0.833037421347303,0.688491834114999,0.913930113674394
"wavelet.LH_firstorder_Energy",0.984461351573514,0.969273548421856,0.992171805304055
"wavelet.LH_firstorder_Entropy",0.844014658026901,0.708992133211087,0.919345726219861
"wavelet.LH_firstorder_InterquartileRange",0.851577452347288,0.715567419350082,0.92537906434656
"wavelet.LH_firstorder_Kurtosis",0.888379478407652,0.763814256368063,0.949142807786388
"wavelet.LH_firstorder_Maximum",0.713080990582105,0.439274466209663,0.865664819371767
"wavelet.LH_firstorder_MeanAbsoluteDeviation",0.838642519430701,0.69505612230989,0.91789445701009
"wavelet.LH_firstorder_Mean",0.421607614529717,-0.0516392812416166,0.740224761077291
"wavelet.LH_firstorder_Median",0.892718138316017,0.779021159153499,0.949574414056456
"wavelet.LH_firstorder_Minimum",0.838094057316138,0.683720360335773,0.920669273009575
"wavelet.LH_firstorder_Range",0.816190110946407,0.64221112364674,0.910196091252765
"wavelet.LH_firstorder_RobustMeanAbsoluteDeviation",0.848111603533998,0.711836168354682,0.922845728255046
"wavelet.LH_firstorder_RootMeanSquared",0.738830294101166,0.536175520067717,0.86095533572445
"wavelet.LH_firstorder_Skewness",0.928831486064356,0.817140757789103,0.97330359499616
"wavelet.LH_firstorder_TotalEnergy",0.999823979108584,0.999643313124524,0.999913139679301
"wavelet.LH_firstorder_Uniformity",0.741953709224456,0.582372047220825,0.84647324054795
"wavelet.LH_firstorder_Variance",0.743113864291384,0.553514412207135,0.859482698523561
"wavelet.LH_glcm_Autocorrelation",0.74556220291185,0.561586372412065,0.859290984840542
"wavelet.LH_glcm_ClusterProminence",0.523718535602958,0.30426843709468,0.690380917724904
"wavelet.LH_glcm_ClusterShade",0.664602617844,0.464781309891851,0.800007369494799
"wavelet.LH_glcm_ClusterTendency",0.765830245253125,0.583473162150038,0.874669673397473
"wavelet.LH_glcm_Contrast",0.705201082922765,0.506449547412856,0.832799150449107
"wavelet.LH_glcm_Correlation",0.942793698328648,0.874872854143548,0.974350499718982
"wavelet.LH_glcm_DifferenceAverage",0.792819872764556,0.625667589091436,0.890366517868574
"wavelet.LH_glcm_DifferenceEntropy",0.80328683518521,0.646651881392541,0.894918382963362
"wavelet.LH_glcm_DifferenceVariance",0.699852976212013,0.499798567066806,0.829017657150678
"wavelet.LH_glcm_Id",0.748134057606184,0.567352353145508,0.860117886163917
"wavelet.LH_glcm_Idm",0.702730600178948,0.512272668171499,0.827307608927439
"wavelet.LH_glcm_Idmn",0.734912335097725,0.432357728211674,0.888731808335928
"wavelet.LH_glcm_Idn",0.723898270974222,0.418682777672505,0.882172537803542
"wavelet.LH_glcm_Imc1",0.896998544690289,0.800843104135196,0.948067729896078
"wavelet.LH_glcm_Imc2",0.856573464031875,0.71471817797594,0.930740815857884
"wavelet.LH_glcm_InverseVariance",0.722866848781306,0.54420393434208,0.838807824449568
"wavelet.LH_glcm_JointAverage",0.833614511216899,0.675150189664632,0.91853776795641
"wavelet.LH_glcm_JointEnergy",0.559128069511836,0.395103563084268,0.68860307808108
"wavelet.LH_glcm_JointEntropy",0.849686631837738,0.71096395977038,0.924757406036239
"wavelet.LH_glcm_MCC",0.810658861407769,0.584667712594757,0.919899060238281
"wavelet.LH_glcm_MaximumProbability",0.563201544876424,0.382861800498763,0.702191549324133
"wavelet.LH_glcm_SumAverage",0.833614511216898,0.675150189664631,0.918537767956409
"wavelet.LH_glcm_SumEntropy",0.881333335331374,0.770522071063159,0.940435752246538
"wavelet.LH_glcm_SumSquares",0.740970546012222,0.551006615084894,0.857925099019849
"wavelet.LH_glrlm_GrayLevelNonUniformity",0.82914007109639,0.713884042977493,0.900658663182996
"wavelet.LH_glrlm_GrayLevelNonUniformityNormalized",0.756081037423097,0.599543738971697,0.856902466826167
"wavelet.LH_glrlm_GrayLevelVariance",0.742427116068314,0.552011281749025,0.859247522743152
"wavelet.LH_glrlm_HighGrayLevelRunEmphasis",0.743653488551655,0.559815437195302,0.857717180991537
"wavelet.LH_glrlm_LongRunEmphasis",0.571775125765588,0.361028587939351,0.726957404728695
"wavelet.LH_glrlm_LongRunHighGrayLevelEmphasis",0.753472667741934,0.570356310004871,0.865241263205994
"wavelet.LH_glrlm_LongRunLowGrayLevelEmphasis",0.416995318418078,0.244794679053108,0.563693591540486
"wavelet.LH_glrlm_LowGrayLevelRunEmphasis",0.459080130910949,0.274389591881449,0.611106601511681
"wavelet.LH_glrlm_RunEntropy",0.871430264880891,0.752273969549866,0.93538577903695
"wavelet.LH_glrlm_RunLengthNonUniformity",0.991723933953684,0.98078695081434,0.996446235030838
"wavelet.LH_glrlm_RunLengthNonUniformityNormalized",0.660438988653874,0.448114195305248,0.802232798453696
"wavelet.LH_glrlm_RunPercentage",0.631941550133257,0.418184801715028,0.779381819051838
"wavelet.LH_glrlm_RunVariance",0.553254164881635,0.342628093776882,0.7109244308496
"wavelet.LH_glrlm_ShortRunEmphasis",0.632061591553642,0.419679611146753,0.778826419237692
"wavelet.LH_glrlm_ShortRunHighGrayLevelEmphasis",0.740783642398057,0.556536746520595,0.855583302844465
"wavelet.LH_glrlm_ShortRunLowGrayLevelEmphasis",0.469919530683457,0.282279821744401,0.622928629984174
"wavelet.LH_glszm_GrayLevelNonUniformity",0.913031480926357,0.838361212545235,0.954069085301933
"wavelet.LH_glszm_GrayLevelNonUniformityNormalized",0.79086896301265,0.64369517890857,0.881629608765052
"wavelet.LH_glszm_GrayLevelVariance",0.742892322566263,0.550800765439948,0.860242375843847
"wavelet.LH_glszm_HighGrayLevelZoneEmphasis",0.744578642928375,0.561027248556181,0.858344797238465
"wavelet.LH_glszm_LargeAreaEmphasis",0.374270170478067,0.201748777235628,0.524265878050402
"wavelet.LH_glszm_LargeAreaHighGrayLevelEmphasis",0.73544352881959,0.522003925940781,0.862204622521704
"wavelet.LH_glszm_LargeAreaLowGrayLevelEmphasis",0.282779636258086,0.16039844319478,0.396598308215828
"wavelet.LH_glszm_LowGrayLevelZoneEmphasis",0.436399780990363,0.262854412391831,0.582592107068156
"wavelet.LH_glszm_SizeZoneNonUniformity",0.984497849589123,0.956663011266134,0.994504907079435
"wavelet.LH_glszm_SizeZoneNonUniformityNormalized",0.723937011860528,0.516847709761598,0.850983592807337
"wavelet.LH_glszm_SmallAreaEmphasis",0.688166933544681,0.477843248413728,0.823869419059274
"wavelet.LH_glszm_SmallAreaHighGrayLevelEmphasis",0.731882033746234,0.54573276545187,0.84919333419893
"wavelet.LH_glszm_SmallAreaLowGrayLevelEmphasis",0.467298774111924,0.288511706147096,0.614597040984971
"wavelet.LH_glszm_ZoneEntropy",0.910877106948857,0.808407980949114,0.95976209226117
"wavelet.LH_glszm_ZonePercentage",0.675035979506117,0.462095717196288,0.81438133271376
"wavelet.LH_glszm_ZoneVariance",0.290522992376589,0.140620683398626,0.427403902580831
"wavelet.LH_ngtdm_Busyness",0.825390262247173,0.658372489275738,0.914942906249631
"wavelet.LH_ngtdm_Coarseness",0.994325108521412,0.988057815346217,0.997307762151026
"wavelet.LH_ngtdm_Complexity",0.59704716009476,0.389532034287079,0.746872234026062
"wavelet.LH_ngtdm_Contrast",0.864993366942122,0.736199619731311,0.933321777723956
"wavelet.LH_ngtdm_Strength",0.77110683254614,0.583599189938453,0.880547781789312
"wavelet.LH_gldm_DependenceEntropy",0.906335298143247,0.8036535371889,0.956610196859801
"wavelet.LH_gldm_DependenceNonUniformity",0.991906954474134,0.977199452540108,0.997141094331238
"wavelet.LH_gldm_DependenceNonUniformityNormalized",0.77007964675105,0.573402938132812,0.882833556859557
"wavelet.LH_gldm_DependenceVariance",0.596816355268059,0.376325068907531,0.7533270466756
"wavelet.LH_gldm_GrayLevelNonUniformity",0.791725903822552,0.662593857710642,0.875147836516101
"wavelet.LH_gldm_GrayLevelVariance",0.742257311837901,0.552408819936671,0.858899483332466
"wavelet.LH_gldm_HighGrayLevelEmphasis",0.743286192551064,0.559304972449782,0.85747929251764
"wavelet.LH_gldm_LargeDependenceEmphasis",0.570306256160083,0.3592814389006,0.725846613301648
"wavelet.LH_gldm_LargeDependenceHighGrayLevelEmphasis",0.791272698439006,0.601802423575647,0.896419082302576
"wavelet.LH_gldm_LargeDependenceLowGrayLevelEmphasis",0.322631241355351,0.178017328165939,0.453603647265241
"wavelet.LH_gldm_LowGrayLevelEmphasis",0.466465424304647,0.277825572538711,0.620465867125331
"wavelet.LH_gldm_SmallDependenceEmphasis",0.705353131778592,0.495804563340513,0.837285036297123
"wavelet.LH_gldm_SmallDependenceHighGrayLevelEmphasis",0.719058812631414,0.530533461575889,0.839801477544798
"wavelet.LH_gldm_SmallDependenceLowGrayLevelEmphasis",0.537256603653944,0.333612056227664,0.692994800422106
"wavelet.HL_firstorder_10Percentile",0.823540844708145,0.676769182917189,0.907349411063032
"wavelet.HL_firstorder_90Percentile",0.84233524732973,0.709163714493418,0.917472967239267
"wavelet.HL_firstorder_Energy",0.983795534080082,0.968024796066557,0.991820194046613
"wavelet.HL_firstorder_Entropy",0.855611250576615,0.730775231619572,0.925068477315485
"wavelet.HL_firstorder_InterquartileRange",0.846204938166571,0.711203972619261,0.921011215492294
"wavelet.HL_firstorder_Kurtosis",0.701454866936434,0.375734610926545,0.872923685010008
"wavelet.HL_firstorder_Maximum",0.681971041617212,0.422713085914664,0.838050587072995
"wavelet.HL_firstorder_MeanAbsoluteDeviation",0.84293564325282,0.708999465707966,0.918177657365268
"wavelet.HL_firstorder_Mean",0.718025019299171,0.369999240586643,0.889325342537902
"wavelet.HL_firstorder_Median",0.837031055736546,0.677827863158171,0.921255321218152
"wavelet.HL_firstorder_Minimum",0.753506112440507,0.49999447559132,0.888073847757605
"wavelet.HL_firstorder_Range",0.751691240701251,0.516788632159078,0.881334903068741
"wavelet.HL_firstorder_RobustMeanAbsoluteDeviation",0.842405341783332,0.706782776174051,0.918300746752114
"wavelet.HL_firstorder_RootMeanSquared",0.766085123803237,0.594014953678958,0.871122529997876
"wavelet.HL_firstorder_Skewness",0.884373412682294,0.712846867217325,0.956069045537267
"wavelet.HL_firstorder_TotalEnergy",0.99989870986897,0.999798881333073,0.999948988144214
"wavelet.HL_firstorder_Uniformity",0.774392554408475,0.620897402701636,0.870696705144214
"wavelet.HL_firstorder_Variance",0.773243588440708,0.60734144213912,0.874522437651926
"wavelet.HL_glcm_Autocorrelation",0.689274238510278,0.419851405683478,0.84705421971761
"wavelet.HL_glcm_ClusterProminence",0.616631168001057,0.420255087224641,0.75783115382375
"wavelet.HL_glcm_ClusterShade",0.770116034096752,0.600003816034359,0.873597583236354
"wavelet.HL_glcm_ClusterTendency",0.807509055820526,0.658364242773352,0.89564044619898
"wavelet.HL_glcm_Contrast",0.716274647375195,0.529724746904035,0.836722125308003
"wavelet.HL_glcm_Correlation",0.949605218309727,0.893303959661433,0.976565215290334
"wavelet.HL_glcm_DifferenceAverage",0.78920162948534,0.627194513115171,0.885749748982067
"wavelet.HL_glcm_DifferenceEntropy",0.802278531065389,0.647622320923376,0.893446864035471
"wavelet.HL_glcm_DifferenceVariance",0.713929666399403,0.524264465630145,0.83610978274833
"wavelet.HL_glcm_Id",0.777421549690466,0.611559979295283,0.877830118752666
"wavelet.HL_glcm_Idm",0.748606208934112,0.574891256578466,0.857746777500032
"wavelet.HL_glcm_Idmn",0.516392631901099,0.110184173936979,0.774782316993861
"wavelet.HL_glcm_Idn",0.523087156291746,0.119033947501689,0.77850328697826
"wavelet.HL_glcm_Imc1",0.888814147249898,0.809323774247453,0.936332146669778
"wavelet.HL_glcm_Imc2",0.89796948312636,0.793057532252513,0.951144248063411
"wavelet.HL_glcm_InverseVariance",0.752370666124155,0.579737593487741,0.860358865679086
"wavelet.HL_glcm_JointAverage",0.7573576768614,0.507858557748733,0.889627794509005
"wavelet.HL_glcm_JointEnergy",0.626037647503307,0.459068498788151,0.750288964510396
"wavelet.HL_glcm_JointEntropy",0.864929802538964,0.741400037207708,0.931763288216954
"wavelet.HL_glcm_MCC",0.400393377075971,-0.0391002075233734,0.710084757070128
"wavelet.HL_glcm_MaximumProbability",0.629823303233802,0.424970165843717,0.773307778476304
"wavelet.HL_glcm_SumAverage",0.757357676861399,0.507858557748733,0.889627794509005
"wavelet.HL_glcm_SumEntropy",0.899809600206843,0.805922811412831,0.949546607119111
"wavelet.HL_glcm_SumSquares",0.772104383764542,0.606113095488541,0.873646962426703
"wavelet.HL_glrlm_GrayLevelNonUniformity",0.855165068535973,0.752091839494507,0.917403603017083
"wavelet.HL_glrlm_GrayLevelNonUniformityNormalized",0.782146767203266,0.630321825460244,0.876347236393418
"wavelet.HL_glrlm_GrayLevelVariance",0.772976285521426,0.606947173412451,0.874356650778268
"wavelet.HL_glrlm_HighGrayLevelRunEmphasis",0.691164562467222,0.427110686611978,0.846594480095774
"wavelet.HL_glrlm_LongRunEmphasis",0.673481964532295,0.482655382684589,0.803260717566391
"wavelet.HL_glrlm_LongRunHighGrayLevelEmphasis",0.68788159897128,0.41520405181169,0.847147978432481
"wavelet.HL_glrlm_LongRunLowGrayLevelEmphasis",0.837041259808832,0.649807399162618,0.928506765813734
"wavelet.HL_glrlm_LowGrayLevelRunEmphasis",0.862061245198236,0.67617775381214,0.944758711873712
"wavelet.HL_glrlm_RunEntropy",0.876940665793128,0.76508874122012,0.937422935863205
"wavelet.HL_glrlm_RunLengthNonUniformity",0.99169107752547,0.981646716178228,0.99624877967401
"wavelet.HL_glrlm_RunLengthNonUniformityNormalized",0.730408353878088,0.545196689093538,0.847632805556019
"wavelet.HL_glrlm_RunPercentage",0.714804462565445,0.528307002772889,0.835501424500437
"wavelet.HL_glrlm_RunVariance",0.657938656431345,0.466380307547227,0.790553480513951
"wavelet.HL_glrlm_ShortRunEmphasis",0.712691922147915,0.524890821500185,0.834324366661854
"wavelet.HL_glrlm_ShortRunHighGrayLevelEmphasis",0.690247322160207,0.427532680771373,0.845450571283409
"wavelet.HL_glrlm_ShortRunLowGrayLevelEmphasis",0.866494766781119,0.680548336517629,0.947581507975911
"wavelet.HL_glszm_GrayLevelNonUniformity",0.923441201825691,0.856552004324364,0.959815351437751
"wavelet.HL_glszm_GrayLevelNonUniformityNormalized",0.80394807834826,0.657348097067369,0.891917137703372
"wavelet.HL_glszm_GrayLevelVariance",0.773453802389062,0.607633537648711,0.874659514057931
"wavelet.HL_glszm_HighGrayLevelZoneEmphasis",0.689494810058444,0.425082986268804,0.845485370757138
"wavelet.HL_glszm_LargeAreaEmphasis",0.556630643425102,0.36381617383048,0.703702975220274
"wavelet.HL_glszm_LargeAreaHighGrayLevelEmphasis",0.55905086880221,0.19022713479631,0.789585575279865
"wavelet.HL_glszm_LargeAreaLowGrayLevelEmphasis",0.72914106141061,0.544008731610356,0.846578411229745
"wavelet.HL_glszm_LowGrayLevelZoneEmphasis",0.875975101846042,0.705677985167192,0.950591214576872
"wavelet.HL_glszm_SizeZoneNonUniformity",0.990451986346472,0.973195813740009,0.996617909913222
"wavelet.HL_glszm_SizeZoneNonUniformityNormalized",0.760669847023758,0.573296678635479,0.872435329130676
"wavelet.HL_glszm_SmallAreaEmphasis",0.748813247418928,0.561507142468899,0.863123265929881
"wavelet.HL_glszm_SmallAreaHighGrayLevelEmphasis",0.68068334007861,0.419285136905533,0.837859884878314
"wavelet.HL_glszm_SmallAreaLowGrayLevelEmphasis",0.890239986404873,0.722867755978587,0.958938010265805
"wavelet.HL_glszm_ZoneEntropy",0.926733155728249,0.844203759036219,0.966342418462665
"wavelet.HL_glszm_ZonePercentage",0.743882995795366,0.563513315070018,0.856556493354535
"wavelet.HL_glszm_ZoneVariance",0.489475021663,0.289801471667627,0.648316997021142
"wavelet.HL_ngtdm_Busyness",0.808677740277683,0.545027628523834,0.926786131776618
"wavelet.HL_ngtdm_Coarseness",0.991397997567252,0.982412027550725,0.995802615787273
"wavelet.HL_ngtdm_Complexity",0.688888032864396,0.483840828303861,0.822237419748567
"wavelet.HL_ngtdm_Contrast",0.746559356093834,0.553854442618504,0.863348712980336
"wavelet.HL_ngtdm_Strength",0.860110035838302,0.741618985976345,0.926553766013056
"wavelet.HL_gldm_DependenceEntropy",0.920967963219814,0.837564537790715,0.962423137705065
"wavelet.HL_gldm_DependenceNonUniformity",0.995374562465038,0.986949179288015,0.99836514003564
"wavelet.HL_gldm_DependenceNonUniformityNormalized",0.787131849042985,0.613746391211739,0.888083987188579
"wavelet.HL_gldm_DependenceVariance",0.697474694498001,0.492397878070374,0.829181539757595
"wavelet.HL_gldm_GrayLevelNonUniformity",0.825293160745984,0.709770713243508,0.897587490502071
"wavelet.HL_gldm_GrayLevelVariance",0.773338181725762,0.607385889774398,0.874616526734044
"wavelet.HL_gldm_HighGrayLevelEmphasis",0.691694182642032,0.427756626372244,0.846945136604075
"wavelet.HL_gldm_LargeDependenceEmphasis",0.674755045856433,0.48263115504921,0.804921376278606
"wavelet.HL_gldm_LargeDependenceHighGrayLevelEmphasis",0.650896614805762,0.325133654022589,0.838567880998856
"wavelet.HL_gldm_LargeDependenceLowGrayLevelEmphasis",0.723037471860111,0.519887925651637,0.848780797542046
"wavelet.HL_gldm_LowGrayLevelEmphasis",0.857396179250129,0.666802176287397,0.942714576384493
"wavelet.HL_gldm_SmallDependenceEmphasis",0.759774123786729,0.580321342078646,0.86886117727553
"wavelet.HL_gldm_SmallDependenceHighGrayLevelEmphasis",0.676925041369028,0.419316853242976,0.833645409958238
"wavelet.HL_gldm_SmallDependenceLowGrayLevelEmphasis",0.874404492321164,0.679988364034041,0.953945245473835
"wavelet.HH_firstorder_10Percentile",0.522710506151358,0.309549936214687,0.685849562872062
"wavelet.HH_firstorder_90Percentile",0.509368600638915,0.289814437661586,0.677992824615958
"wavelet.HH_firstorder_Energy",0.982465106530457,0.965470998018597,0.991132972858886
"wavelet.HH_firstorder_Entropy",0.502882367579621,0.29101270168559,0.66773317276291
"wavelet.HH_firstorder_InterquartileRange",0.581999670709654,0.364379474431935,0.739346353219099
"wavelet.HH_firstorder_Kurtosis",0.416622875138027,-0.0302851969729446,0.724708632454641
"wavelet.HH_firstorder_Maximum",0.496411916098161,0.232122467196304,0.692443643991813
"wavelet.HH_firstorder_MeanAbsoluteDeviation",0.539464527230227,0.324632359849717,0.701365758359306
"wavelet.HH_firstorder_Mean",-0.175425695623282,-0.594142802031437,0.318095378069775
"wavelet.HH_firstorder_Median",-0.0572081104149849,-0.41806603542655,0.319243796422905
"wavelet.HH_firstorder_Minimum",0.513142560731538,0.228794029107168,0.716811703383833
"wavelet.HH_firstorder_Range",0.539546558230735,0.285638448204296,0.722674503780993
"wavelet.HH_firstorder_RobustMeanAbsoluteDeviation",0.56403859020732,0.346106922435717,0.724217866675355
"wavelet.HH_firstorder_RootMeanSquared",0.490156142472027,0.266267965155835,0.663862863592386
"wavelet.HH_firstorder_Skewness",0.48787844650225,0.0217923229774305,0.779756382899597
"wavelet.HH_firstorder_TotalEnergy",0.999976613508635,0.999954395033802,0.9999880073364
"wavelet.HH_firstorder_Uniformity",0.426572714973707,0.230298479953477,0.589496698386989
"wavelet.HH_firstorder_Variance",0.487518900287193,0.276606813507812,0.653622391145582
"wavelet.HH_glcm_Autocorrelation",0.506367299847952,0.23338432280706,0.705365103524778
"wavelet.HH_glcm_ClusterProminence",0.352807664212718,0.172773903459413,0.510029340913374
"wavelet.HH_glcm_ClusterShade",0.721069672350861,0.534559656305268,0.84060492381875
"wavelet.HH_glcm_ClusterTendency",0.518940937715273,0.305691215031596,0.682614258011772
"wavelet.HH_glcm_Contrast",0.455636435925513,0.248465308512769,0.622945841018732
"wavelet.HH_glcm_Correlation",0.854553744031705,0.702556914870216,0.931981512018346
"wavelet.HH_glcm_DifferenceAverage",0.503686686756657,0.290513868349554,0.669226202407217
"wavelet.HH_glcm_DifferenceEntropy",0.485813785623871,0.276137658019035,0.651347949906082
"wavelet.HH_glcm_DifferenceVariance",0.430938227831662,0.227185159994082,0.59854522997035
"wavelet.HH_glcm_Id",0.470164659754494,0.25965576115205,0.638018165084248
"wavelet.HH_glcm_Idm",0.446038021349585,0.239990989787015,0.61362939620609
"wavelet.HH_glcm_Idmn",0.592362542190738,0.218597821651078,0.814553043158954
"wavelet.HH_glcm_Idn",0.565736821277655,0.182198235795787,0.799853539447743
"wavelet.HH_glcm_Imc1",0.787987795306986,0.622475984874505,0.886033868714704
"wavelet.HH_glcm_Imc2",0.73645610392792,0.532729982095237,0.85950123286641
"wavelet.HH_glcm_InverseVariance",0.467428054757869,0.254675952797602,0.637019545596967
"wavelet.HH_glcm_JointAverage",0.513541800847159,0.230282660940091,0.716574732629196
"wavelet.HH_glcm_JointEnergy",0.32013817630555,0.15947920257488,0.464277020760827
"wavelet.HH_glcm_JointEntropy",0.525082049146959,0.305514447952347,0.691628512408196
"wavelet.HH_glcm_MCC",0.420887027684142,0.0080431592910045,0.711144566734458
"wavelet.HH_glcm_MaximumProbability",0.313454262307098,0.126572883101262,0.478847295504642
"wavelet.HH_glcm_SumAverage",0.513541800847159,0.230282660940092,0.716574732629195
"wavelet.HH_glcm_SumEntropy",0.558344746786716,0.344102732195776,0.717324188621989
"wavelet.HH_glcm_SumSquares",0.48520689736939,0.274473426418006,0.651470326450341
"wavelet.HH_glrlm_GrayLevelNonUniformity",0.780777832962438,0.633904622139591,0.873296550116617
"wavelet.HH_glrlm_GrayLevelNonUniformityNormalized",0.436886122404124,0.238827032250477,0.600047841139683
"wavelet.HH_glrlm_GrayLevelVariance",0.481046541795227,0.270980700682721,0.647375862616703
"wavelet.HH_glrlm_HighGrayLevelRunEmphasis",0.502237520242329,0.23764997107214,0.697443878459966
"wavelet.HH_glrlm_LongRunEmphasis",0.369687037368031,0.183560875880004,0.530223369426948
"wavelet.HH_glrlm_LongRunHighGrayLevelEmphasis",0.486878654485357,0.193596110439105,0.700280813964797
"wavelet.HH_glrlm_LongRunLowGrayLevelEmphasis",0.364317969526685,0.107135557686432,0.575804329267321
"wavelet.HH_glrlm_LowGrayLevelRunEmphasis",0.428956976004126,0.131732091439575,0.655415161595503
"wavelet.HH_glrlm_RunEntropy",0.523703349543841,0.3080947853614,0.688142662784576
"wavelet.HH_glrlm_RunLengthNonUniformity",0.994325115414423,0.985418498027834,0.9977974620015
"wavelet.HH_glrlm_RunLengthNonUniformityNormalized",0.401112461145871,0.201795356317692,0.568527616805036
"wavelet.HH_glrlm_RunPercentage",0.396427173505305,0.200023094407847,0.562203302024239
"wavelet.HH_glrlm_RunVariance",0.378112376886546,0.190828040218637,0.538836221727756
"wavelet.HH_glrlm_ShortRunEmphasis",0.383166023729517,0.189777204325549,0.547934217043582
"wavelet.HH_glrlm_ShortRunHighGrayLevelEmphasis",0.502665083972575,0.242822992003739,0.695205144013486
"wavelet.HH_glrlm_ShortRunLowGrayLevelEmphasis",0.447129505969525,0.140809942739317,0.675321052485565
"wavelet.HH_glszm_GrayLevelNonUniformity",0.895370505334048,0.807169813058766,0.944467820235435
"wavelet.HH_glszm_GrayLevelNonUniformityNormalized",0.455760730996832,0.254006210380059,0.619506728716632
"wavelet.HH_glszm_GrayLevelVariance",0.467711928802849,0.259681215878701,0.634258352499663
"wavelet.HH_glszm_HighGrayLevelZoneEmphasis",0.502370701102072,0.238752272861309,0.697026435324666
"wavelet.HH_glszm_LargeAreaEmphasis",0.233490638218625,0.0945511174085159,0.363507935923604
"wavelet.HH_glszm_LargeAreaHighGrayLevelEmphasis",0.0707537046285968,-0.378946705096312,0.493421900809187
"wavelet.HH_glszm_LargeAreaLowGrayLevelEmphasis",0.198417479709642,0.0713937114310242,0.319108204929532
"wavelet.HH_glszm_LowGrayLevelZoneEmphasis",0.421131360326166,0.14730832342611,0.634996831833972
"wavelet.HH_glszm_SizeZoneNonUniformity",0.968390622045123,0.920086608429074,0.987684331390367
"wavelet.HH_glszm_SizeZoneNonUniformityNormalized",0.44253129625469,0.229957101644204,0.614801431693963
"wavelet.HH_glszm_SmallAreaEmphasis",0.423795929128332,0.218465163387532,0.593191583246535
"wavelet.HH_glszm_SmallAreaHighGrayLevelEmphasis",0.491324794068638,0.239295897183486,0.681325251651641
"wavelet.HH_glszm_SmallAreaLowGrayLevelEmphasis",0.472913787295109,0.18871496295842,0.684019650034374
"wavelet.HH_glszm_ZoneEntropy",0.589694995311413,0.356011663397042,0.753967251555024
"wavelet.HH_glszm_ZonePercentage",0.4330137560873,0.229537080012575,0.60022527020249
"wavelet.HH_glszm_ZoneVariance",0.19473598849062,0.0604189622021834,0.322126207096634
"wavelet.HH_ngtdm_Busyness",0.613668682267769,0.334106486682874,0.793986375907192
"wavelet.HH_ngtdm_Coarseness",0.984800476799996,0.971371615318648,0.991955897577064
"wavelet.HH_ngtdm_Complexity",0.442269776790962,0.229730077469185,0.614545946415787
"wavelet.HH_ngtdm_Contrast",0.609272390814843,0.369972057329822,0.772757152334868
"wavelet.HH_ngtdm_Strength",0.70466925948328,0.529930948830498,0.822009113563407
"wavelet.HH_gldm_DependenceEntropy",0.553230120812588,0.315445279212594,0.725645349692133
"wavelet.HH_gldm_DependenceNonUniformity",0.984613142376331,0.960063011038373,0.994117072301429
"wavelet.HH_gldm_DependenceNonUniformityNormalized",0.511191984844348,0.289208868384608,0.681002674227821
"wavelet.HH_gldm_DependenceVariance",0.406960145097624,0.179393434654516,0.593187133620746
"wavelet.HH_gldm_GrayLevelNonUniformity",0.731858715406788,0.567734797982518,0.840026226867114
"wavelet.HH_gldm_GrayLevelVariance",0.485754925725995,0.275026680965539,0.65195103740859
"wavelet.HH_gldm_HighGrayLevelEmphasis",0.502288792161265,0.23738272577827,0.69765970181537
"wavelet.HH_gldm_LargeDependenceEmphasis",0.360762644055191,0.170526054577832,0.525071628885357
"wavelet.HH_gldm_LargeDependenceHighGrayLevelEmphasis",0.399219246839131,-0.0317514147516727,0.705014681154034
"wavelet.HH_gldm_LargeDependenceLowGrayLevelEmphasis",0.241948381069019,0.0649668319566602,0.404173027309902
"wavelet.HH_gldm_LowGrayLevelEmphasis",0.43063291485234,0.126171030274184,0.660950640656593
"wavelet.HH_gldm_SmallDependenceEmphasis",0.447318498632611,0.240967793041229,0.614975850540002
"wavelet.HH_gldm_SmallDependenceHighGrayLevelEmphasis",0.492947334162534,0.250232031575878,0.677366867540741
"wavelet.HH_gldm_SmallDependenceLowGrayLevelEmphasis",0.558861301852326,0.217664149527313,0.778341307835977
"wavelet.LL_firstorder_10Percentile",0.676943217885833,0.479009404321973,0.80937071488029
"wavelet.LL_firstorder_90Percentile",0.766618441765881,0.589982944104683,0.873226525687662
"wavelet.LL_firstorder_Energy",0.971522479477726,0.93618847255621,0.987418319315421
"wavelet.LL_firstorder_Entropy",0.967589889002579,0.927928719591874,0.985588477913544
"wavelet.LL_firstorder_InterquartileRange",0.899197784416924,0.793448312565209,0.952247645409465
"wavelet.LL_firstorder_Kurtosis",0.404237163535971,0.201673398857732,0.573639481383104
"wavelet.LL_firstorder_Maximum",0.844573330559125,0.659325237223649,0.933147778653327
"wavelet.LL_firstorder_MeanAbsoluteDeviation",0.91278755348404,0.820784908309802,0.958632386918152
"wavelet.LL_firstorder_Mean",0.585041730086474,0.353074602723763,0.749247005662752
"wavelet.LL_firstorder_Median",0.522993277890304,0.292632023482878,0.695979339024979
"wavelet.LL_firstorder_Minimum",0.850494799139243,0.772028531048002,0.903425396037963
"wavelet.LL_firstorder_Range",0.886026529614564,0.758190755680826,0.948268641589006
"wavelet.LL_firstorder_RobustMeanAbsoluteDeviation",0.902954700617307,0.800126676637542,0.954226384751278
"wavelet.LL_firstorder_RootMeanSquared",0.610739941629906,0.385688850578463,0.767195792733203
"wavelet.LL_firstorder_Skewness",-0.102146294555306,-0.305529409482392,0.110150694936879
"wavelet.LL_firstorder_TotalEnergy",0.920859220499974,0.844704739526885,0.960468963005538
"wavelet.LL_firstorder_Uniformity",0.9782360558666,0.948993994283153,0.990792659697619
"wavelet.LL_firstorder_Variance",0.838016910945886,0.692713259821691,0.917943002755004
"wavelet.LL_glcm_Autocorrelation",0.778258863115623,0.60973485550872,0.879460245536789
"wavelet.LL_glcm_ClusterProminence",0.636652755485938,0.402473662432179,0.792624417383251
"wavelet.LL_glcm_ClusterShade",0.794595554730689,0.561298906258242,0.910907037707173
"wavelet.LL_glcm_ClusterTendency",0.828347810262805,0.672598322126802,0.913822578777822
"wavelet.LL_glcm_Contrast",0.850599685928332,0.721985038027787,0.922396342752415
"wavelet.LL_glcm_Correlation",0.581169447229314,0.201329967809106,0.809071589393647
"wavelet.LL_glcm_DifferenceAverage",0.922464696954363,0.843983369942028,0.962275088638388
"wavelet.LL_glcm_DifferenceEntropy",0.952513603710482,0.902681359734813,0.977135757898923
"wavelet.LL_glcm_DifferenceVariance",0.850464090908731,0.719430240686716,0.923040574741361
"wavelet.LL_glcm_Id",0.937862474426584,0.878341492883433,0.968747547528453
"wavelet.LL_glcm_Idm",0.917480230697636,0.846442345526665,0.95643046559789
"wavelet.LL_glcm_Idmn",0.828216037064682,0.6121069069188,0.929210064380994
"wavelet.LL_glcm_Idn",0.77340874263177,0.526820935291154,0.899915794420625
"wavelet.LL_glcm_Imc1",0.876479584029763,0.746305981420051,0.942075016495877
"wavelet.LL_glcm_Imc2",0.699360572022924,0.432021836874355,0.853720629629673
"wavelet.LL_glcm_InverseVariance",0.928845637809406,0.866873485157308,0.962547685923038
"wavelet.LL_glcm_JointAverage",0.849332453532448,0.713068943382391,0.923764265737686
"wavelet.LL_glcm_JointEnergy",0.912357257908935,0.851798910400676,0.948853550720982
"wavelet.LL_glcm_JointEntropy",0.974579594112035,0.939354041414681,0.989456003672874
"wavelet.LL_glcm_MCC",0.46733894101681,0.0151943822474634,0.760805550835723
"wavelet.LL_glcm_MaximumProbability",0.814647142846804,0.604298185424778,0.918834985600003
"wavelet.LL_glcm_SumAverage",0.849332453532446,0.713068943382388,0.923764265737685
"wavelet.LL_glcm_SumEntropy",0.970177069380168,0.933043595538535,0.986856646934278
"wavelet.LL_glcm_SumSquares",0.83469671687014,0.686509835005872,0.916311560792633
"wavelet.LL_glrlm_GrayLevelNonUniformity",0.962836466671366,0.924514726014024,0.981886451779349
"wavelet.LL_glrlm_GrayLevelNonUniformityNormalized",0.978924809892198,0.950624817102039,0.991078501104951
"wavelet.LL_glrlm_GrayLevelVariance",0.841566193692364,0.699377109005086,0.919681082511765
"wavelet.LL_glrlm_HighGrayLevelRunEmphasis",0.787312566094879,0.623267490284964,0.884986734113877
"wavelet.LL_glrlm_LongRunEmphasis",0.83468809720674,0.715845387773512,0.906534389287378
"wavelet.LL_glrlm_LongRunHighGrayLevelEmphasis",0.778691986289447,0.609368803841086,0.880088786479996
"wavelet.LL_glrlm_LongRunLowGrayLevelEmphasis",0.87111129373398,0.691828592052004,0.949224253973649
"wavelet.LL_glrlm_LowGrayLevelRunEmphasis",0.904710704018607,0.764279344266324,0.963223562393928
"wavelet.LL_glrlm_RunEntropy",0.962815334289727,0.918797415697759,0.983181371149463
"wavelet.LL_glrlm_RunLengthNonUniformity",0.987937564079318,0.974905648496394,0.994221590088357
"wavelet.LL_glrlm_RunLengthNonUniformityNormalized",0.896494104340579,0.810651613586059,0.944609799264639
"wavelet.LL_glrlm_RunPercentage",0.876262971422519,0.777064212051888,0.932986231694433
"wavelet.LL_glrlm_RunVariance",0.815763909567998,0.681059841403971,0.897059656136394
"wavelet.LL_glrlm_ShortRunEmphasis",0.877902208916809,0.78335292488485,0.93274438370493
"wavelet.LL_glrlm_ShortRunHighGrayLevelEmphasis",0.789220409124222,0.626367736729368,0.886064181965733
"wavelet.LL_glrlm_ShortRunLowGrayLevelEmphasis",0.907944134537853,0.772421920251095,0.964384841589133
"wavelet.LL_glszm_GrayLevelNonUniformity",0.970740101522526,0.926829044796717,0.988457293582988
"wavelet.LL_glszm_GrayLevelNonUniformityNormalized",0.981055094924445,0.955174487610581,0.99205391681249
"wavelet.LL_glszm_GrayLevelVariance",0.849438777237281,0.714290531406694,0.923510689690252
"wavelet.LL_glszm_HighGrayLevelZoneEmphasis",0.7904894635506,0.627978443368331,0.88694052745979
"wavelet.LL_glszm_LargeAreaEmphasis",0.707904236472722,0.565454581987019,0.80934421875112
"wavelet.LL_glszm_LargeAreaHighGrayLevelEmphasis",0.721512963146216,0.52562939796226,0.844741240290908
"wavelet.LL_glszm_LargeAreaLowGrayLevelEmphasis",0.647238123592027,0.361469835097615,0.821848537783982
"wavelet.LL_glszm_LowGrayLevelZoneEmphasis",0.919049999978487,0.804962575481366,0.967599766765659
"wavelet.LL_glszm_SizeZoneNonUniformity",0.991936984796335,0.981638708956179,0.996469569031088
"wavelet.LL_glszm_SizeZoneNonUniformityNormalized",0.920858218155363,0.84289189099597,0.960952841509604
"wavelet.LL_glszm_SmallAreaEmphasis",0.896660211063653,0.806894128522843,0.945946454329366
"wavelet.LL_glszm_SmallAreaHighGrayLevelEmphasis",0.795078192791482,0.635849138926807,0.889390302881647
"wavelet.LL_glszm_SmallAreaLowGrayLevelEmphasis",0.924624287731004,0.815448074711148,0.970272223960879
"wavelet.LL_glszm_ZoneEntropy",0.913901981427782,0.852241896027984,0.950518439925611
"wavelet.LL_glszm_ZonePercentage",0.89858145523776,0.810848390042539,0.946816925188677
"wavelet.LL_glszm_ZoneVariance",0.634374790124583,0.473920273541612,0.754056692751836
"wavelet.LL_ngtdm_Busyness",0.882352509077955,0.748859359524289,0.947036650958195
"wavelet.LL_ngtdm_Coarseness",0.990196280542709,0.978485692840086,0.995546951459464
"wavelet.LL_ngtdm_Complexity",0.815166913927292,0.639260293307208,0.910005714337251
"wavelet.LL_ngtdm_Contrast",0.89546139814101,0.796740441771311,0.947632144949469
"wavelet.LL_ngtdm_Strength",0.829411031966508,0.703863447013274,0.904709247600008
"wavelet.LL_gldm_DependenceEntropy",0.944507728330755,0.897883925291317,0.97017868354989
"wavelet.LL_gldm_DependenceNonUniformity",0.995379533449029,0.99024884181266,0.997813614286532
"wavelet.LL_gldm_DependenceNonUniformityNormalized",0.943291728148035,0.880893399705479,0.973461653085817
"wavelet.LL_gldm_DependenceVariance",0.876872893654723,0.746170380601815,0.942490338943561
"wavelet.LL_gldm_GrayLevelNonUniformity",0.95638648166234,0.915962541019661,0.977592987597949
"wavelet.LL_gldm_GrayLevelVariance",0.837725152842064,0.692250538283875,0.917774559185822
"wavelet.LL_gldm_HighGrayLevelEmphasis",0.786836706777971,0.622627455408527,0.88467083666324
"wavelet.LL_gldm_LargeDependenceEmphasis",0.843539121824784,0.728961643751665,0.912141953084962
"wavelet.LL_gldm_LargeDependenceHighGrayLevelEmphasis",0.717727319309337,0.516747703473806,0.843733191268991
"wavelet.LL_gldm_LargeDependenceLowGrayLevelEmphasis",0.735507490740855,0.426316135073825,0.890814289582275
"wavelet.LL_gldm_LowGrayLevelEmphasis",0.899110513110536,0.748557182982437,0.961503517594132
"wavelet.LL_gldm_SmallDependenceEmphasis",0.914637807955796,0.834695536210936,0.956829189928344
"wavelet.LL_gldm_SmallDependenceHighGrayLevelEmphasis",0.794520997238602,0.636192555476122,0.888635011366973
"wavelet.LL_gldm_SmallDependenceLowGrayLevelEmphasis",0.881432851758709,0.720549111967249,0.952263420222711
"square_firstorder_10Percentile",0.662494941034911,0.424373245581085,0.814911978698334
"square_firstorder_90Percentile",0.599526269525675,0.37511673440655,0.757554176858303
"square_firstorder_Energy",0.989096393029084,0.9776332378911,0.994700327769869
"square_firstorder_Entropy",0.858191726158516,0.691880967215952,0.938022757628471
"square_firstorder_InterquartileRange",0.689341125265115,0.432559800425759,0.8426828484307
"square_firstorder_Kurtosis",0.329932666423881,-0.0901941755856616,0.650373274381133
"square_firstorder_Maximum",0.729908196582712,0.462131554419831,0.875705548414184
"square_firstorder_MeanAbsoluteDeviation",0.690798702985471,0.484384101502693,0.824357819968933
"square_firstorder_Mean",0.691718174691376,0.479757786227958,0.827393577148284
"square_firstorder_Median",0.679415030382075,0.405807866672704,0.841260653994244
"square_firstorder_Minimum",0.0369022697805943,-0.151410018244984,0.222629741424335
"square_firstorder_Range",0.729908682611538,0.462132279806965,0.875705818407959
"square_firstorder_RobustMeanAbsoluteDeviation",0.605811850553144,0.350710832464775,0.777216796238231
"square_firstorder_RootMeanSquared",0.681212964146634,0.469635676608768,0.818793178200245
"square_firstorder_Skewness",0.352297659133069,-0.139133735480199,0.70449603559893
"square_firstorder_TotalEnergy",0.998243431675336,0.996120746356446,0.999205069277363
"square_firstorder_Uniformity",0.913479489742284,0.779074892817698,0.96760502856349
"square_firstorder_Variance",0.562193864380419,0.356540670469743,0.71588524514835
"square_glcm_Autocorrelation",0.524246848949854,0.313079338577753,0.686021304080822
"square_glcm_ClusterProminence",0.342293427362198,0.152607594442017,0.50765603715225
"square_glcm_ClusterShade",0.448782408911773,0.24095189617916,0.617258967159575
"square_glcm_ClusterTendency",0.546438306296034,0.339764556012493,0.702769687433071
"square_glcm_Contrast",0.577489702734847,0.371909589264235,0.729069818138782
"square_glcm_Correlation",0.792674553896124,0.580185983300968,0.904136841171326
"square_glcm_DifferenceAverage",0.727477481707952,0.533215381462339,0.84886281927588
"square_glcm_DifferenceEntropy",0.844900077125578,0.684682758252723,0.927225309299814
"square_glcm_DifferenceVariance",0.603513687098512,0.396864295064355,0.751933633931209
"square_glcm_Id",0.883482704256587,0.739550467008475,0.950152929554577
"square_glcm_Idm",0.884544153264465,0.741149775611822,0.950749757386164
"square_glcm_Idmn",0.637306332757582,0.325984406634359,0.823925808196938
"square_glcm_Idn",0.74383655932723,0.461340823998037,0.889393028286044
"square_glcm_Imc1",0.832239896540251,0.692055670887227,0.911930169074974
"square_glcm_Imc2",0.887457367874396,0.768255987543696,0.947177139980423
"square_glcm_InverseVariance",0.55370531051873,0.215650612265729,0.773237027790843
"square_glcm_JointAverage",0.688678918509104,0.474400337067106,0.825914105019724
"square_glcm_JointEnergy",0.913194078704134,0.791130337003658,0.965305350410245
"square_glcm_JointEntropy",0.861495549674084,0.6978206302882,0.939666635772745
"square_glcm_MCC",0.167679594169443,-0.272672059928078,0.549946476938977
"square_glcm_MaximumProbability",0.923816965099217,0.803465055479794,0.971628514180249
"square_glcm_SumAverage",0.688678918509105,0.474400337067107,0.825914105019725
"square_glcm_SumEntropy",0.865487385435743,0.70658212032368,0.941295202621146
"square_glcm_SumSquares",0.558213778480362,0.351924916289036,0.712788831802448
"square_glrlm_GrayLevelNonUniformity",0.935634883039648,0.861570928655037,0.970696049374261
"square_glrlm_GrayLevelNonUniformityNormalized",0.825426633350584,0.633998350487055,0.921540537017935
"square_glrlm_GrayLevelVariance",0.589289069002626,0.381746480592187,0.740258021290271
"square_glrlm_HighGrayLevelRunEmphasis",0.578663955124359,0.370731796696492,0.731353979658149
"square_glrlm_LongRunEmphasis",0.532391010796476,0.385364565934868,0.653055222408751
"square_glrlm_LongRunHighGrayLevelEmphasis",0.26259314060965,-0.133157328245982,0.586120630099211
"square_glrlm_LongRunLowGrayLevelEmphasis",0.53702659610568,0.388604535697311,0.658284466612891
"square_glrlm_LowGrayLevelRunEmphasis",0.853824309006693,0.65255057664922,0.942555331396645
"square_glrlm_RunEntropy",0.65169335487976,0.405932802198686,0.809556634364951
"square_glrlm_RunLengthNonUniformity",0.980011453160267,0.953479431086353,0.991477514473195
"square_glrlm_RunLengthNonUniformityNormalized",0.889429123972789,0.746544985609859,0.953889567830269
"square_glrlm_RunPercentage",0.916123135615868,0.796041368413391,0.966812484116418
"square_glrlm_RunVariance",0.497818074118892,0.363425252892841,0.611914114797273
"square_glrlm_ShortRunEmphasis",0.882489475542633,0.734722635300461,0.950304095559223
"square_glrlm_ShortRunHighGrayLevelEmphasis",0.579994586170575,0.3719051510781,0.732581682113042
"square_glrlm_ShortRunLowGrayLevelEmphasis",0.250273118947941,-0.170330608695705,0.593735310983002
"square_glszm_GrayLevelNonUniformity",0.94533368101746,0.880590519837289,0.975432046595507
"square_glszm_GrayLevelNonUniformityNormalized",0.680286938191078,0.459072745191817,0.822067082501763
"square_glszm_GrayLevelVariance",0.624416551533665,0.41118180306327,0.772859701917098
"square_glszm_HighGrayLevelZoneEmphasis",0.632878004872504,0.42523598618558,0.777231151907102
"square_glszm_LargeAreaEmphasis",0.547507405098485,0.425842780408181,0.649724530472276
"square_glszm_LargeAreaHighGrayLevelEmphasis",0.545053405714767,0.424500816830182,0.646617818800853
"square_glszm_LargeAreaLowGrayLevelEmphasis",0.547694353621582,0.426039856766652,0.649893973111531
"square_glszm_LowGrayLevelZoneEmphasis",0.731791913794284,0.534980352353061,0.853268867993663
"square_glszm_SizeZoneNonUniformity",0.930672468021212,0.857701204541903,0.966890764514187
"square_glszm_SizeZoneNonUniformityNormalized",0.535691592310607,0.210951271971277,0.753939185468694
"square_glszm_SmallAreaEmphasis",0.518155097927099,0.183774502646663,0.745053106278789
"square_glszm_SmallAreaHighGrayLevelEmphasis",0.624694082068187,0.413518882924927,0.772091114785895
"square_glszm_SmallAreaLowGrayLevelEmphasis",0.865202536336583,0.70468125675061,0.941467935389921
"square_glszm_ZoneEntropy",0.872325073172327,0.705207476123279,0.947614335860998
"square_glszm_ZonePercentage",0.833261469997216,0.650451917301388,0.924818855714967
"square_glszm_ZoneVariance",0.548508568672763,0.426927408738366,0.650611299576378
"square_ngtdm_Busyness",0.857642539134069,0.648597973860388,0.946374292930749
"square_ngtdm_Coarseness",0.964892276603155,0.913303838130634,0.986007580461855
"square_ngtdm_Complexity",0.486875774225709,0.252747966771395,0.667138254986652
"square_ngtdm_Contrast",0.618210491705444,0.434208666527368,0.752691278976032
"square_ngtdm_Strength",0.862321070458936,0.692680893091257,0.94155320865235
"square_gldm_DependenceEntropy",0.884828916814718,0.719349162149871,0.955275174462444
"square_gldm_DependenceNonUniformity",0.898232327169464,0.749020807022446,0.960726887795972
"square_gldm_DependenceNonUniformityNormalized",0.382493073118084,-0.0823262015234168,0.710635426007626
"square_gldm_DependenceVariance",0.537883232843656,0.207890541970607,0.757949734279583
"square_gldm_GrayLevelNonUniformity",0.911890949835719,0.834899293027009,0.953881380497691
"square_gldm_GrayLevelVariance",0.558226333895162,0.352652504537052,0.712397915944782
"square_gldm_HighGrayLevelEmphasis",0.548835774387137,0.341618349721889,0.705166613447002
"square_gldm_LargeDependenceEmphasis",0.92156484260821,0.809599847592112,0.968823065939973
"square_gldm_LargeDependenceHighGrayLevelEmphasis",0.180899082462109,-0.0754139427053066,0.414788880429279
"square_gldm_LargeDependenceLowGrayLevelEmphasis",0.924292365182929,0.811447903716201,0.970694373938637
"square_gldm_LowGrayLevelEmphasis",0.891036268559315,0.733566733738329,0.957707425664957
"square_gldm_SmallDependenceEmphasis",0.832228629288783,0.65029175526075,0.923878240676694
"square_gldm_SmallDependenceHighGrayLevelEmphasis",0.538059562354651,0.33102080533136,0.695673292589983
"square_gldm_SmallDependenceLowGrayLevelEmphasis",0.901125584369635,0.771816834941421,0.958858090422333
"squareroot_firstorder_10Percentile",0.805497211792145,0.646020251836913,0.897595639337727
"squareroot_firstorder_90Percentile",0.77052071392101,0.585044893461202,0.879400698140978
"squareroot_firstorder_Energy",0.953562165439112,0.886290378941776,0.981427135417554
"squareroot_firstorder_Entropy",0.87305194292755,0.753681108526693,0.936662725603128
"squareroot_firstorder_InterquartileRange",0.786549279788772,0.565240251409297,0.90223977645697
"squareroot_firstorder_Kurtosis",0.194117248417011,0.0726882005163648,0.30987542792945
"squareroot_firstorder_Maximum",0.852504211377287,0.659016036397004,0.940159542373914
"squareroot_firstorder_MeanAbsoluteDeviation",0.873981704119164,0.714618956737791,0.947098624835869
"squareroot_firstorder_Mean",0.484269954329611,0.231219975915661,0.675948956124977
"squareroot_firstorder_Median",0.656675364808953,0.390565864967859,0.821503425207178
"squareroot_firstorder_Minimum",0.877501206624119,0.707589488412119,0.951486869750539
"squareroot_firstorder_Range",0.870581756028315,0.693796391806024,0.948409613671999
"squareroot_firstorder_RobustMeanAbsoluteDeviation",0.817205031051836,0.607945874611037,0.920307616161873
"squareroot_firstorder_RootMeanSquared",0.533837441241373,0.290142673366566,0.71251388104121
"squareroot_firstorder_Skewness",0.00781753440737001,-0.193968421866408,0.208968832160051
"squareroot_firstorder_TotalEnergy",0.903089164317765,0.797961443602181,0.954887764360777
"squareroot_firstorder_Uniformity",0.682396511852887,0.517320125536688,0.798513673170052
"squareroot_firstorder_Variance",0.859961757830643,0.691184336894663,0.939781529675795
"squareroot_glcm_Autocorrelation",0.722777547942054,0.507690961227853,0.853052989563597
"squareroot_glcm_ClusterProminence",0.759243844482759,0.520770908201933,0.887803300337182
"squareroot_glcm_ClusterShade",0.558542174504885,0.286602972043204,0.74718976454846
"squareroot_glcm_ClusterTendency",0.865146014794678,0.692710669233729,0.94401937583768
"squareroot_glcm_Contrast",0.840587210236698,0.673308339424387,0.926000653958504
"squareroot_glcm_Correlation",0.590511029933932,0.343757338179465,0.760986000988955
"squareroot_glcm_DifferenceAverage",0.849044613353182,0.70488536451605,0.925847009813853
"squareroot_glcm_DifferenceEntropy",0.806681424934945,0.654968033579086,0.895882051329155
"squareroot_glcm_DifferenceVariance",0.832967474215387,0.655360109102628,0.923287908757112
"squareroot_glcm_Id",0.663145281000402,0.469321441338858,0.796005763634916
"squareroot_glcm_Idm",0.606982539254379,0.401146255662115,0.754467292699528
"squareroot_glcm_Idmn",0.450546591399854,0.180366084934874,0.657507750434936
"squareroot_glcm_Idn",0.36329158610541,0.114045892347698,0.569512688039426
"squareroot_glcm_Imc1",0.930885891542288,0.869196048978738,0.964041232736487
"squareroot_glcm_Imc2",0.911075302368039,0.827829229200992,0.955060767674376
"squareroot_glcm_InverseVariance",0.623364212438612,0.423361189500851,0.765429753143353
"squareroot_glcm_JointAverage",0.708518264659752,0.499347242506269,0.839644805708125
"squareroot_glcm_JointEnergy",0.435847650815677,0.26804900236676,0.577981097219883
"squareroot_glcm_JointEntropy",0.884338653798691,0.761991197399486,0.94573096767576
"squareroot_glcm_MCC",0.0519021023174957,-0.34313446534497,0.431337347733143
"squareroot_glcm_MaximumProbability",0.515526028729973,0.242905478094733,0.712672937490248
"squareroot_glcm_SumAverage",0.708518264659752,0.499347242506267,0.839644805708125
"squareroot_glcm_SumEntropy",0.897284880384097,0.78925366177545,0.951440865920088
"squareroot_glcm_SumSquares",0.85937671550796,0.689891860929411,0.939545933787171
"squareroot_glrlm_GrayLevelNonUniformity",0.835275922585666,0.716890964944745,0.906843028240072
"squareroot_glrlm_GrayLevelNonUniformityNormalized",0.706758903517214,0.544708123867632,0.817929767899692
"squareroot_glrlm_GrayLevelVariance",0.861493983579897,0.694263096065827,0.940467600522884
"squareroot_glrlm_HighGrayLevelRunEmphasis",0.745225371867128,0.538064330043965,0.867486595741958
"squareroot_glrlm_LongRunEmphasis",0.510062106356965,0.287317017267866,0.680469574526636
"squareroot_glrlm_LongRunHighGrayLevelEmphasis",0.736648074491677,0.527295722257051,0.861679106558471
"squareroot_glrlm_LongRunLowGrayLevelEmphasis",0.736602447730373,0.447379431791945,0.886342387901736
"squareroot_glrlm_LowGrayLevelRunEmphasis",0.678489725753367,0.360783871674547,0.855102257197267
"squareroot_glrlm_RunEntropy",0.910186180678207,0.810771285425779,0.958566668789931
"squareroot_glrlm_RunLengthNonUniformity",0.987974602485294,0.97504737542222,0.994224195489724
"squareroot_glrlm_RunLengthNonUniformityNormalized",0.581648529296107,0.361239046635662,0.740502423337997
"squareroot_glrlm_RunPercentage",0.558311593883381,0.33583965681116,0.721783254026482
"squareroot_glrlm_RunVariance",0.500159764453311,0.273329860982113,0.674295902076096
"squareroot_glrlm_ShortRunEmphasis",0.553078335637472,0.332515129284214,0.716277194483553
"squareroot_glrlm_ShortRunHighGrayLevelEmphasis",0.747242591066313,0.540551889190299,0.868864846213896
"squareroot_glrlm_ShortRunLowGrayLevelEmphasis",0.663010091376603,0.339366887353695,0.846296195530853
"squareroot_glszm_GrayLevelNonUniformity",0.912064844631578,0.835738710050974,0.953817289062718
"squareroot_glszm_GrayLevelNonUniformityNormalized",0.786278144804894,0.640156018289957,0.877496166661019
"squareroot_glszm_GrayLevelVariance",0.864801543152015,0.700868081743452,0.941960132211352
"squareroot_glszm_HighGrayLevelZoneEmphasis",0.747326061336314,0.540509754344397,0.868972047749798
"squareroot_glszm_LargeAreaEmphasis",0.365676423062512,0.139616658902447,0.55550706045763
"squareroot_glszm_LargeAreaHighGrayLevelEmphasis",0.700941401307553,0.482856645483325,0.837157247766308
"squareroot_glszm_LargeAreaLowGrayLevelEmphasis",0.772900417730465,0.48511506554298,0.909622280533996
"squareroot_glszm_LowGrayLevelZoneEmphasis",0.566071460896716,0.226555511083972,0.78292740539822
"squareroot_glszm_SizeZoneNonUniformity",0.988354073150933,0.970919266450759,0.995360773493698
"squareroot_glszm_SizeZoneNonUniformityNormalized",0.691715783259803,0.497439095076762,0.819921863501201
"squareroot_glszm_SmallAreaEmphasis",0.638082267750931,0.438402658688045,0.777735144293784
"squareroot_glszm_SmallAreaHighGrayLevelEmphasis",0.75480906373468,0.549956471259112,0.873996436564879
"squareroot_glszm_SmallAreaLowGrayLevelEmphasis",0.54006755344961,0.188323185701993,0.769011366966335
"squareroot_glszm_ZoneEntropy",0.947042721038193,0.870370085356345,0.978877679617871
"squareroot_glszm_ZonePercentage",0.601621755251373,0.388661625289654,0.753562231220818
"squareroot_glszm_ZoneVariance",0.310739109239316,0.0523656362798336,0.530120705973285
"squareroot_ngtdm_Busyness",0.811946380169801,0.619383714630261,0.912359537877664
"squareroot_ngtdm_Coarseness",0.986936178932617,0.966873467267522,0.994879766381471
"squareroot_ngtdm_Complexity",0.837279284636665,0.636413212798264,0.931800302611335
"squareroot_ngtdm_Contrast",0.762982399893588,0.545619501438082,0.884158146729494
"squareroot_ngtdm_Strength",0.917933937556284,0.825155552303681,0.962492683827199
"squareroot_gldm_DependenceEntropy",0.944734147541902,0.868684759960345,0.977276171086325
"squareroot_gldm_DependenceNonUniformity",0.98906773328825,0.972728661774534,0.995639219493481
"squareroot_gldm_DependenceNonUniformityNormalized",0.751632539106069,0.565222847941188,0.865012197243718
"squareroot_gldm_DependenceVariance",0.573568655483382,0.312075679978281,0.754278275385975
"squareroot_gldm_GrayLevelNonUniformity",0.805083056475571,0.673396505778639,0.887251048424714
"squareroot_gldm_GrayLevelVariance",0.859893633463559,0.691142656214051,0.939729740464668
"squareroot_gldm_HighGrayLevelEmphasis",0.744971068594971,0.537818287724405,0.867289193461551
"squareroot_gldm_LargeDependenceEmphasis",0.506539483410214,0.27374324705017,0.683269953814535
"squareroot_gldm_LargeDependenceHighGrayLevelEmphasis",0.683919540612874,0.462558347505945,0.825014956607568
"squareroot_gldm_LargeDependenceLowGrayLevelEmphasis",0.842728916176221,0.629903217964679,0.937836078514174
"squareroot_gldm_LowGrayLevelEmphasis",0.717092250766478,0.415529535431601,0.876622566731428
"squareroot_gldm_SmallDependenceEmphasis",0.644833607205291,0.439174222016254,0.786275797577153
"squareroot_gldm_SmallDependenceHighGrayLevelEmphasis",0.758461194859915,0.554756403928801,0.876378670630483
"squareroot_gldm_SmallDependenceLowGrayLevelEmphasis",0.628052348418426,0.282524707977832,0.829322605728748
"logarithm_firstorder_10Percentile",0.807675957183869,0.587016655669098,0.916629370149113
"logarithm_firstorder_90Percentile",0.789520857803247,0.600782965005728,0.894888175198635
"logarithm_firstorder_Energy",0.901810003181304,0.765097803154484,0.960726558068361
"logarithm_firstorder_Entropy",0.840499680059339,0.714284727075463,0.913763828781875
"logarithm_firstorder_InterquartileRange",0.735474932158194,0.478324770239427,0.876460445454173
"logarithm_firstorder_Kurtosis",0.20494281514019,0.0577189346745498,0.343442508665194
"logarithm_firstorder_Maximum",0.831418007630284,0.599906422389461,0.934455077436872
"logarithm_firstorder_MeanAbsoluteDeviation",0.853058910648623,0.666311970589613,0.939112689172347
"logarithm_firstorder_Mean",0.434781366216127,0.175994389285052,0.637356556150935
"logarithm_firstorder_Median",0.717221728010706,0.451445176519249,0.866107405501483
"logarithm_firstorder_Minimum",0.822800077799324,0.577108674742228,0.931912214530059
"logarithm_firstorder_Range",0.830576087108536,0.595705314014388,0.934593890683988
"logarithm_firstorder_RobustMeanAbsoluteDeviation",0.782219585790885,0.548122880818757,0.902666366910654
"logarithm_firstorder_RootMeanSquared",0.52057825153581,0.274031533335212,0.702919321520272
"logarithm_firstorder_Skewness",0.044839940412141,-0.159573197686251,0.245566005985541
"logarithm_firstorder_TotalEnergy",0.84794519381061,0.681380213429856,0.931007898999035
"logarithm_firstorder_Uniformity",0.574735300177168,0.405695985367051,0.705758556788621
"logarithm_firstorder_Variance",0.848525539235973,0.643803196906188,0.939887570099052
"logarithm_glcm_Autocorrelation",0.697646616522881,0.452256405425188,0.844846587590517
"logarithm_glcm_ClusterProminence",0.738566522201684,0.448160794343905,0.887968840330563
"logarithm_glcm_ClusterShade",0.584869710066404,0.314722888310403,0.767364570518046
"logarithm_glcm_ClusterTendency",0.850531124246844,0.641153643246179,0.942055647026311
"logarithm_glcm_Contrast",0.83758431753401,0.638496973798972,0.931606666305281
"logarithm_glcm_Correlation",0.558933082514845,0.307960117749162,0.737177997313783
"logarithm_glcm_DifferenceAverage",0.835088745347755,0.669623135183838,0.921575331875393
"logarithm_glcm_DifferenceEntropy",0.72724193073149,0.548747745922041,0.842320458574302
"logarithm_glcm_DifferenceVariance",0.817646514989188,0.599953066153163,0.922607956993154
"logarithm_glcm_Id",0.538320072946532,0.325452923956463,0.699254555501675
"logarithm_glcm_Idm",0.506107041900174,0.274935871900335,0.681960104818845
"logarithm_glcm_Idmn",0.404848542561845,0.207418274802756,0.57058972299685
"logarithm_glcm_Idn",0.189854006221367,0.000770546473628738,0.36583053302087
"logarithm_glcm_Imc1",0.953310299716629,0.9121576797815,0.975431336378339
"logarithm_glcm_Imc2",0.859895444558837,0.748895512949842,0.923961554264045
"logarithm_glcm_InverseVariance",0.499153589761768,0.280049522822017,0.668828644027143
"logarithm_glcm_JointAverage",0.676544343842041,0.44714155259261,0.822438294877833
"logarithm_glcm_JointEnergy",0.375180336274694,0.169513612115453,0.549532452705669
"logarithm_glcm_JointEntropy",0.85936179540904,0.725509315348414,0.930568934219574
"logarithm_glcm_MCC",0.393987870759872,0.0614973969914064,0.647771106408937
"logarithm_glcm_MaximumProbability",0.641475021902631,0.310322552292624,0.833791782454798
"logarithm_glcm_SumAverage",0.67654434384204,0.447141552592608,0.822438294877833
"logarithm_glcm_SumEntropy",0.837197618920747,0.69311091782807,0.916952771754309
"logarithm_glcm_SumSquares",0.848540509154564,0.643983789346483,0.939864061190097
"logarithm_glrlm_GrayLevelNonUniformity",0.823268752977827,0.680316989184429,0.905877810601243
"logarithm_glrlm_GrayLevelNonUniformityNormalized",0.607581309932521,0.43660826156759,0.73619666910089
"logarithm_glrlm_GrayLevelVariance",0.849327816718082,0.644998881389551,0.940317494962771
"logarithm_glrlm_HighGrayLevelRunEmphasis",0.728636626785025,0.490565518039859,0.86549112024559
"logarithm_glrlm_LongRunEmphasis",0.486129418946222,0.213233960654185,0.688659699952333
"logarithm_glrlm_LongRunHighGrayLevelEmphasis",0.722673235370231,0.48524192368072,0.860850016692804
"logarithm_glrlm_LongRunLowGrayLevelEmphasis",0.618658389502617,0.266194904929819,0.825197480881194
"logarithm_glrlm_LowGrayLevelRunEmphasis",0.441185663986878,0.0508306452278319,0.714603896503081
"logarithm_glrlm_RunEntropy",0.903953115112213,0.801654271671275,0.954813571351326
"logarithm_glrlm_RunLengthNonUniformity",0.987328310200443,0.97384053588784,0.993883361735064
"logarithm_glrlm_RunLengthNonUniformityNormalized",0.499497819109709,0.261524044491113,0.680223528201311
"logarithm_glrlm_RunPercentage",0.504844777496355,0.249443809750672,0.694581525800712
"logarithm_glrlm_RunVariance",0.520542872041293,0.21714684173739,0.73222544726629
"logarithm_glrlm_ShortRunEmphasis",0.476813950294666,0.238932565365512,0.660704804576251
"logarithm_glrlm_ShortRunHighGrayLevelEmphasis",0.729901468752412,0.491434804276934,0.866555621155396
"logarithm_glrlm_ShortRunLowGrayLevelEmphasis",0.398446307198092,0.00281449806037618,0.686225587543868
"logarithm_glszm_GrayLevelNonUniformity",0.919547426611906,0.839325621181071,0.960574471736619
"logarithm_glszm_GrayLevelNonUniformityNormalized",0.726160489825246,0.560031579326198,0.836148797923333
"logarithm_glszm_GrayLevelVariance",0.85004445993531,0.645497874195161,0.940813456725683
"logarithm_glszm_HighGrayLevelZoneEmphasis",0.728808717180208,0.489185709973429,0.866129419963755
"logarithm_glszm_LargeAreaEmphasis",0.39034292217319,-0.00368808095737071,0.679452952651662
"logarithm_glszm_LargeAreaHighGrayLevelEmphasis",0.699461168465339,0.460973733871644,0.843719091171716
"logarithm_glszm_LargeAreaLowGrayLevelEmphasis",0.784277615734428,0.545880655838645,0.905199217055725
"logarithm_glszm_LowGrayLevelZoneEmphasis",0.276002143944779,-0.101845637153709,0.584254976342393
"logarithm_glszm_SizeZoneNonUniformity",0.985285438787036,0.964481089600681,0.993941719244828
"logarithm_glszm_SizeZoneNonUniformityNormalized",0.530828809209388,0.312961142633295,0.695624509761734
"logarithm_glszm_SmallAreaEmphasis",0.487067652965751,0.277665784210981,0.652285440825984
"logarithm_glszm_SmallAreaHighGrayLevelEmphasis",0.733393089997263,0.491156482740642,0.870339385584047
"logarithm_glszm_SmallAreaLowGrayLevelEmphasis",0.266515535018816,-0.138243909488145,0.59498848122817
"logarithm_glszm_ZoneEntropy",0.95060083278718,0.86634743496184,0.982246851847667
"logarithm_glszm_ZonePercentage",0.501815289236628,0.26753117220044,0.680076398612277
"logarithm_glszm_ZoneVariance",0.396463517991926,-0.0669890025311037,0.719197785765181
"logarithm_ngtdm_Busyness",0.763253299127847,0.5474803399116,0.883861775247025
"logarithm_ngtdm_Coarseness",0.991838659389459,0.97701652027,0.997115885655425
"logarithm_ngtdm_Complexity",0.865084291336737,0.673097332469726,0.947834554864701
"logarithm_ngtdm_Contrast",0.555763957804659,0.304783043505378,0.734570030608494
"logarithm_ngtdm_Strength",0.901721956404177,0.786999192340349,0.956170277063017
"logarithm_gldm_DependenceEntropy",0.940850476627243,0.859284898516348,0.975753098562611
"logarithm_gldm_DependenceNonUniformity",0.984419286426428,0.962004163436017,0.993653687649644
"logarithm_gldm_DependenceNonUniformityNormalized",0.634064072777922,0.409129838060879,0.786352396327062
"logarithm_gldm_DependenceVariance",0.68995997262317,0.393884395584142,0.856316772008542
"logarithm_gldm_GrayLevelNonUniformity",0.783210653468269,0.620765043482724,0.881174061442831
"logarithm_gldm_GrayLevelVariance",0.848396943256355,0.643546446908579,0.939831595524874
"logarithm_gldm_HighGrayLevelEmphasis",0.7295737908024,0.492244251828076,0.865939166198289
"logarithm_gldm_LargeDependenceEmphasis",0.524604345360806,0.238304824590008,0.727015111375256
"logarithm_gldm_LargeDependenceHighGrayLevelEmphasis",0.693677799432976,0.456156100044318,0.838936967288917
"logarithm_gldm_LargeDependenceLowGrayLevelEmphasis",0.802089536738637,0.547870218246447,0.920692536719931
"logarithm_gldm_LowGrayLevelEmphasis",0.510637350822165,0.124006749075802,0.762656642909822
"logarithm_gldm_SmallDependenceEmphasis",0.527096621516213,0.303066454682648,0.695917327159302
"logarithm_gldm_SmallDependenceHighGrayLevelEmphasis",0.73849869747598,0.497468868592724,0.873675337874793
"logarithm_gldm_SmallDependenceLowGrayLevelEmphasis",0.358107345118151,-0.0705767822003404,0.675135500265652
"exponential_firstorder_10Percentile",0.266304668298009,-0.032780017075016,0.521615203525253
"exponential_firstorder_90Percentile",0.63416917635613,0.401293557881824,0.790036570232708
"exponential_firstorder_Energy",0.984255684720754,0.96890852821136,0.992057842535399
"exponential_firstorder_Entropy",0.741380382869593,0.534687861465919,0.864373594217405
"exponential_firstorder_InterquartileRange",0.632254850129606,0.403370340087678,0.786679724951838
"exponential_firstorder_Kurtosis",0.203879881562023,-0.0822437189202377,0.458953469178404
"exponential_firstorder_Maximum",0.405966959863278,0.0337505895213108,0.679283365008887
"exponential_firstorder_MeanAbsoluteDeviation",0.657066669551589,0.412098468578037,0.813446045359173
"exponential_firstorder_Mean",0.619344769792693,0.378400683874388,0.781686228687554
"exponential_firstorder_Median",0.375810128499113,0.122580662956842,0.583097538692913
"exponential_firstorder_Minimum",0.295244727348895,-0.134176938944629,0.631312438870133
"exponential_firstorder_Range",0.405636965021645,0.0333001505761865,0.679100663509461
"exponential_firstorder_RobustMeanAbsoluteDeviation",0.637022437866879,0.403294027493696,0.792722716447004
"exponential_firstorder_RootMeanSquared",0.615326880554029,0.372132080044441,0.779463920711636
"exponential_firstorder_Skewness",0.229526940006565,-0.142231189098832,0.544536782559874
"exponential_firstorder_TotalEnergy",0.999847252757456,0.999688966651967,0.999924989457141
"exponential_firstorder_Uniformity",0.747083213936823,0.545688447203043,0.86688875463283
"exponential_firstorder_Variance",0.447191095725432,0.171111201981852,0.658157575439154
"exponential_glcm_Autocorrelation",0.533395496600412,0.278249354836446,0.718227529565177
"exponential_glcm_ClusterProminence",0.142226638657251,-0.117485799137195,0.383729449796372
"exponential_glcm_ClusterShade",0.308244566182297,0.0159358716106672,0.552012906625426
"exponential_glcm_ClusterTendency",0.468249515560514,0.193788020165297,0.674733251452292
"exponential_glcm_Contrast",0.462643784436007,0.191738276634943,0.668041916079073
"exponential_glcm_Correlation",-0.125553209090405,-0.435893246753768,0.211471238817811
"exponential_glcm_DifferenceAverage",0.634615281457602,0.395302868622186,0.793251899228748
"exponential_glcm_DifferenceEntropy",0.740986339661222,0.535504521497224,0.86364021910613
"exponential_glcm_DifferenceVariance",0.475655313656438,0.196658095951378,0.683393885513636
"exponential_glcm_Id",0.718645342909005,0.508308082026473,0.84806755847655
"exponential_glcm_Idm",0.718496142537828,0.508083501659756,0.847979315522824
"exponential_glcm_Idmn",0.372768326191665,0.074845766737403,0.609598823457289
"exponential_glcm_Idn",0.519201927680498,0.171625303044158,0.751830487399029
"exponential_glcm_Imc1",0.0620828654775135,-0.298526561712481,0.407180638625269
"exponential_glcm_Imc2",0.876668480220453,0.715739028394623,0.949188629344773
"exponential_glcm_InverseVariance",0.717643917764073,0.499586855019094,0.850175172205329
"exponential_glcm_JointAverage",0.624699452636628,0.385539091120969,0.785204656253153
"exponential_glcm_JointEnergy",0.754524800478455,0.557380202266824,0.871126621915817
"exponential_glcm_JointEntropy",0.73822939492214,0.532083567522235,0.861750606359967
"exponential_glcm_MCC",-0.161146991898955,-0.500161036899729,0.220700915468808
"exponential_glcm_MaximumProbability",0.731998176025801,0.527233896911483,0.856413201830975
"exponential_glcm_SumAverage",0.624699452636628,0.385539091120968,0.785204656253153
"exponential_glcm_SumEntropy",0.747775835532045,0.545940774531169,0.867577750191881
"exponential_glcm_SumSquares",0.466188646385536,0.193124068826359,0.67222901302219
"exponential_glrlm_GrayLevelNonUniformity",0.930170527026133,0.858532266447901,0.966191592585832
"exponential_glrlm_GrayLevelNonUniformityNormalized",0.539987581920959,0.325243317215242,0.701768459235055
"exponential_glrlm_GrayLevelVariance",0.441676261309346,0.0963739352172632,0.692086214999547
"exponential_glrlm_HighGrayLevelRunEmphasis",0.515181621252508,0.196630595523612,0.735355943696188
"exponential_glrlm_LongRunEmphasis",0.306683920345186,0.189091867933235,0.41560423677012
"exponential_glrlm_LongRunHighGrayLevelEmphasis",0.30011919368331,0.184900347946247,0.407199444844486
"exponential_glrlm_LongRunLowGrayLevelEmphasis",0.30676819231331,0.189131047942393,0.415724526810313
"exponential_glrlm_LowGrayLevelRunEmphasis",0.649661121596207,0.427317136793652,0.797903052380686
"exponential_glrlm_RunEntropy",0.767568432936433,0.595890383023334,0.872155090070811
"exponential_glrlm_RunLengthNonUniformity",0.723372873028083,0.556320330958122,0.834227078807906
"exponential_glrlm_RunLengthNonUniformityNormalized",0.678499907408654,0.434855464614916,0.829580348891002
"exponential_glrlm_RunPercentage",0.731077721901549,0.524961606737296,0.856194926490693
"exponential_glrlm_RunVariance",0.72708564178277,0.543043605618365,0.844474661259352
"exponential_glrlm_ShortRunEmphasis",0.498350220815244,0.270410995178205,0.673384819087691
"exponential_glrlm_ShortRunHighGrayLevelEmphasis",0.515229140060911,0.196859566057392,0.735305968144057
"exponential_glrlm_ShortRunLowGrayLevelEmphasis",0.188121254984787,-0.00286143359875813,0.365863555171668
"exponential_glszm_GrayLevelNonUniformity",0.820142713081168,0.592200647682543,0.926552453034475
"exponential_glszm_GrayLevelNonUniformityNormalized",0.323411056201691,-0.185961149287647,0.695770085040985
"exponential_glszm_GrayLevelVariance",0.110766612196595,-0.376876821567653,0.550334060483776
"exponential_glszm_HighGrayLevelZoneEmphasis",0.207480981155616,-0.278440959003983,0.608833911870941
"exponential_glszm_LargeAreaEmphasis",0.062790018070501,0.0324710847851822,0.0929934978486258
"exponential_glszm_LargeAreaHighGrayLevelEmphasis",0.0627715122822179,0.032457288890158,0.0929703521214144
"exponential_glszm_LargeAreaLowGrayLevelEmphasis",0.0627906921915474,0.0324716193145349,0.0929943092556775
"exponential_glszm_LowGrayLevelZoneEmphasis",0.27559739435186,0.111419663605548,0.425130966234717
"exponential_glszm_SizeZoneNonUniformity",0.727959781604058,0.527138244230601,0.851771874646745
"exponential_glszm_SizeZoneNonUniformityNormalized",-0.0406961191500661,-0.339713171887754,0.265792526508779
"exponential_glszm_SmallAreaEmphasis",-0.126545705677935,-0.278393627400484,0.0314739673561332
"exponential_glszm_SmallAreaHighGrayLevelEmphasis",0.168270767381766,-0.312366601319704,0.580315824711167
"exponential_glszm_SmallAreaLowGrayLevelEmphasis",-0.306848461094256,-0.619015567643383,0.0890459310094387
"exponential_glszm_ZoneEntropy",0.63222790810041,0.2201276511544,0.852831892105686
"exponential_glszm_ZonePercentage",0.689839388849883,0.464974188297114,0.831092849789486
"exponential_glszm_ZoneVariance",0.0863200095563848,0.0485919975990565,0.123802054549487
"exponential_ngtdm_Busyness",0.69126219784293,0.393798313079426,0.857666150801636
"exponential_ngtdm_Coarseness",2.6296776760048e-08,2.81350042471439e-09,4.97800530440879e-08
"exponential_ngtdm_Complexity",0.208268525770518,-0.0186854227743593,0.414811641179965
"exponential_ngtdm_Contrast",0.582272402395995,0.4118642804232,0.713331132393004
"exponential_ngtdm_Strength",0.0544889419273131,-0.405096214534807,0.492091666361588
"exponential_gldm_DependenceEntropy",0.742160609139868,0.544836804746333,0.861603588118968
"exponential_gldm_DependenceNonUniformity",0.78005688796792,0.639088550027414,0.870320659050935
"exponential_gldm_DependenceNonUniformityNormalized",0.674417433281367,0.464078119007147,0.812760293394275
"exponential_gldm_DependenceVariance",0.753635890790294,0.552141670798847,0.871955134967186
"exponential_gldm_GrayLevelNonUniformity",0.92559474514259,0.854665443210103,0.962605550403364
"exponential_gldm_GrayLevelVariance",0.437335231427477,0.161756750569712,0.649637934429724
"exponential_gldm_HighGrayLevelEmphasis",0.466699086360882,0.198139628502344,0.670080046992882
"exponential_gldm_LargeDependenceEmphasis",0.738774252337914,0.536146788714911,0.860901902443305
"exponential_gldm_LargeDependenceHighGrayLevelEmphasis",0.739985372770434,0.529844791382329,0.864519318301122
"exponential_gldm_LargeDependenceLowGrayLevelEmphasis",0.738787422533844,0.536230399484858,0.860886537588941
"exponential_gldm_LowGrayLevelEmphasis",0.719848082576341,0.509390622518029,0.849053738614417
"exponential_gldm_SmallDependenceEmphasis",0.656723250690387,0.423885025860762,0.808139114704564
"exponential_gldm_SmallDependenceHighGrayLevelEmphasis",0.41154557634278,0.149961821948984,0.619282055552223
"exponential_gldm_SmallDependenceLowGrayLevelEmphasis",0.646193285215375,0.409447878599991,0.801403216453926
